{
  "tags": {
    "Defensive": {
      "groups": [
        "ModArmor",
        "ModKnockbackResistance",
        "ModCritHitMitigation"
      ],
      "display": "Defensive",
      "color": 7973817,
      "weight": 20
    },
    "ResDmg": {
      "groups": [
        "ModResistance"
      ],
      "display": "Resistance/Damage",
      "color": 16760832,
      "weight": 5
    },
    "Armor": {
      "groups": [
        "ModArmor"
      ],
      "display": "Armor",
      "color": 4766456,
      "weight": 8
    },
    "Mana": {
      "groups": [
        "ModMana",
        "ModManaRegen"
      ],
      "display": "Mana",
      "color": 65535,
      "weight": 10
    },
    "ManaRegen": {
      "groups": [
        "ModManaRegen"
      ],
      "display": "Mana Regeneration",
      "color": 65535,
      "weight": 2
    },
    "Thorns": {
      "groups": [
        "ModThornsChance",
        "ModThornsDamage"
      ],
      "display": "Thorns",
      "color": 16747256,
      "weight": 10
    },
    "Looting": {
      "groups": [
        "ModItemRarity",
        "ModItemQuantity"
      ],
      "display": "Looting",
      "color": 15639054,
      "weight": 6
    },
    "Trap Disarming": {
      "groups": [
        "ModTrapDisarming"
      ],
      "display": "Trap Disarming",
      "color": 8471551,
      "weight": 10
    },
    "Cooldown": {
      "groups": [
        "ModCooldownReduction"
      ],
      "display": "Cooldown",
      "color": 63668,
      "weight": 10
    },
    "Durability": {
      "groups": [
        "ModDurability"
      ],
      "display": "Durability",
      "color": 14668030,
      "weight": 12
    },
    "Offensive": {
      "groups": [
        "ModOnHitAddition",
        "ModAttackDamage",
        "ModFatalStrikeDamage",
        "ModDamageIncrease",
        "ModTypedDamageIncrease",
        "ModFatalStrikeChance",
        "ModAttackSpeedPercent"
      ],
      "display": "Offensive",
      "color": 12782347,
      "weight": 20
    },
    "OnHit": {
      "groups": [
        "ModOnHitAddition"
      ],
      "display": "On Hit Type",
      "color": 16740864,
      "weight": 5
    },
    "Fatal Strike": {
      "groups": [
        "ModFatalStrikeDamage",
        "ModFatalStrikeChance"
      ],
      "display": "Fatal Strike",
      "color": 16523264,
      "weight": 8
    },
    "Damage": {
      "groups": [
        "ModDamageIncrease"
      ],
      "display": "Damage Percentile",
      "color": 16523264,
      "weight": 10
    },
    "Soul Hunting": {
      "groups": [
        "ModSoulChance"
      ],
      "display": "Soul Hunting",
      "color": 4653308,
      "weight": 5
    },
    "On Hit Effect": {
      "groups": [
        "ModOnHitEffect",
        "ModEffectCloud"
      ],
      "display": "On Hit Effect",
      "color": 16129201,
      "weight": 8
    }
  }
}