{
  "defaultCraftedPool": "Scrappy",
  "legendaryModifierChance": 0.03,
  "potentialUsedPerCraft": {
    "min": 0,
    "max": 8
  },
  "potentialIncreasePerLevel": 0.015,
  "potentialRanges": {
    "SCRAPPY": {
      "min": 30,
      "max": 50
    },
    "COMMON": {
      "min": 50,
      "max": 70
    },
    "RARE": {
      "min": 70,
      "max": 90
    },
    "EPIC": {
      "min": 90,
      "max": 115
    },
    "OMEGA": {
      "min": 115,
      "max": 140
    }
  },
  "totalMaximumProficiency": 20000,
  "totalCategoryProficiency": 10000,
  "proficiencyPerCraft": {
    "min": 1,
    "max": 20
  },
  "proficiencyPools": [
    {
      "minProficiency": 0,
      "pool": "Novice"
    },
    {
      "minProficiency": 1000,
      "pool": "Apprentice"
    },
    {
      "minProficiency": 3000,
      "pool": "Master"
    },
    {
      "minProficiency": 7000,
      "pool": "Artisan"
    },
    {
      "minProficiency": 9500,
      "pool": "Master Artisan"
    }
  ]
}