{
  "tile_processors": [
    {
      "type": "reference",
      "id": "the_vault:generic/spawners/generic_settings"
    },
    {
      "type": "leveled",
      "levels": [
        {
          "level": 0,
          "type": "weighted_target",
          "target": "ispawner:spawner",
          "output": {
            "ispawner:spawner{ Manager: { Settings: { SpawnDelay: 200 } } }": 1
          }
        },
        {
          "level": 30,
          "type": "weighted_target",
          "target": "ispawner:spawner",
          "output": {
            "ispawner:spawner{ Manager: { Settings: { SpawnDelay: 170 } } }": 1
          }
        }
      ]
    },
    {
      "type": "leveled",
      "levels": [
        {
          "level": 0,
          "type": "weighted_target",
          "target": "ispawner:spawner",
          "output": {
            "ispawner:spawner{ Manager: { Settings: { Attempts: 5 } } }": 1
          }
        }
      ]
    },
    {
      "type": "leveled",
      "levels": [
        {
          "level": 0,
          "type": "weighted_target",
          "target": "ispawner:spawner",
          "output": {
            "ispawner:spawner{ Manager: { Settings: { PlayerRadius: 8 } } }": 1
          }
        }
      ]
    },
    {
      "type": "reference",
      "id": "the_vault:generic/spawners/challenge_mobs"
    }
  ],
  "entity_processors": [],
  "decorators": []
}