{
  "LEVELS": {
    "0": {
      "pool": [
        {
          "rewardPool": "common",
          "value": {
            "value": "vault",
            "amount": {
              "min": 1,
              "max": 1
            },
            "floorToNearestTen": false,
            "validDimensions": [],
            "vaultOnly": false
          },
          "weight": 10
        }
      ]
    },
    "50": {
      "pool": [
        {
          "rewardPool": "common",
          "value": {
            "value": "vault",
            "amount": {
              "min": 1,
              "max": 2
            },
            "floorToNearestTen": false,
            "validDimensions": [],
            "vaultOnly": false
          },
          "weight": 4
        },
        {
          "rewardPool": "common",
          "value": {
            "value": "cake",
            "amount": {
              "min": 1,
              "max": 1
            },
            "floorToNearestTen": false,
            "validDimensions": [],
            "vaultOnly": false
          },
          "weight": 1
        },
        {
          "rewardPool": "common",
          "value": {
            "value": "scavenger",
            "amount": {
              "min": 1,
              "max": 2
            },
            "floorToNearestTen": false,
            "validDimensions": [],
            "vaultOnly": false
          },
          "weight": 10
        },
        {
          "rewardPool": "common",
          "value": {
            "value": "boss",
            "amount": {
              "min": 1,
              "max": 2
            },
            "floorToNearestTen": false,
            "validDimensions": [],
            "vaultOnly": false
          },
          "weight": 10
        }
      ]
    }
  }
}