{
  "tile_processors": [
    {
      "type": "reference",
      "id": "the_vault:generic/spawners/generic_settings"
    },
    {
      "type": "leveled",
      "levels": [
        {
          "level": 0,
          "type": "weighted_target",
          "target": "ispawner:spawner",
          "output": {
            "ispawner:spawner{ Manager: { Settings: { Attempts: 3 } } }": 1
          }
        }
      ]
    },
    {
      "type": "leveled",
      "levels": [
        {
          "level": 0,
          "type": "weighted_target",
          "target": "ispawner:spawner",
          "output": {
            "ispawner:spawner{ Manager: { Settings: { SpawnDelay: 260 } } }": 1
          }
        },
        {
          "level": 30,
          "type": "weighted_target",
          "target": "ispawner:spawner",
          "output": {
            "ispawner:spawner{ Manager: { Settings: { SpawnDelay: 230 } } }": 1
          }
        },
        {
          "level": 40,
          "type": "weighted_target",
          "target": "ispawner:spawner",
          "output": {
            "ispawner:spawner{ Manager: { Settings: { SpawnDelay: 200 } } }": 1
          }
        },
        {
          "level": 50,
          "type": "weighted_target",
          "target": "ispawner:spawner",
          "output": {
            "ispawner:spawner{ Manager: { Settings: { SpawnDelay: 180 } } }": 1
          }
        }
      ]
    },
    {
      "type": "leveled",
      "levels": [
        {
          "level": 0,
          "type": "weighted_target",
          "target": "ispawner:spawner",
          "output": {
            "ispawner:spawner{ Manager: { Settings: { PlayerRadius: 10 } } }": 1
          }
        }
      ]
    },
    {
      "type": "leveled",
      "levels": [
        {
          "level": 0,
          "type": "weighted_target",
          "target": "ispawner:spawner",
          "output": {
            "ispawner:spawner": 8,
            "ispawner:spawner{ Manager:{ UsesLeft:3, Settings: { SpawnDelay: 20, Attempts: 1 } } } }": 3,
            "ispawner:spawner{ Manager:{ UsesLeft:4, Settings: { SpawnDelay: 20, Attempts: 1 } } } }": 6,
            "ispawner:spawner{ Manager:{ UsesLeft:5, Settings: { SpawnDelay: 20, Attempts: 1 } } } }": 3

          }
        }
      ]
    },
    {
      "type": "weighted_target",
      "target": "the_vault:placeholder[type=wooden_chest]",
      "output": {
        "the_vault:placeholder[type=wooden_chest]": 8,
        "minecraft:air": 12
      }
    },
    {
      "type": "weighted_target",
      "target": "the_vault:placeholder[type=ornate_chest]",
      "output": {
        "the_vault:placeholder[type=ornate_chest]": 3,
        "minecraft:air": 17
      }
    },
    {
      "type": "weighted_target",
      "target": "the_vault:placeholder[type=living_chest]",
      "output": {
        "the_vault:placeholder[type=living_chest]": 3,
        "minecraft:air": 17
      }
    },
    {
      "type": "weighted_target",
      "target": "the_vault:placeholder[type=gilded_chest]",
      "output": {
        "the_vault:placeholder[type=gilded_chest]": 3,
        "minecraft:air": 17
      }
    },
    {
      "type": "weighted_target",
      "target": "the_vault:placeholder[type=coin_stacks]",
      "output": {
        "the_vault:placeholder[type=coin_stacks]": 5,
        "minecraft:air": 15
      }
    }
  ]
}