{
  "modifierGroup": {
    "IMPLICIT": [
      { "attribute": "the_vault:durability",
        "group": "BaseDurability",
        "identifier": "the_vault:base_durability",
        "tiers": [
          {
            "minLevel": 0,
            "maxLevel": -1,
            "weight": 10,
            "value": {
              "min": 400,
              "max": 600,
              "step": 1
            }
          },
          {
            "minLevel": 21,
            "maxLevel": -1,
            "weight": 10,
            "value": {
              "min": 601,
              "max": 800,
              "step": 1
            }
          },
          {
            "minLevel": 42,
            "maxLevel": -1,
            "weight": 10,
            "value": {
              "min": 801,
              "max": 1200,
              "step": 1
            }
          },
          {
            "minLevel": 63,
            "maxLevel": -1,
            "weight": 10,
            "value": {
              "min": 1201,
              "max": 1600,
              "step": 1
            }
          },
          {
            "minLevel": 88,
            "maxLevel": -1,
            "weight": 10,
            "value": {
              "min": 1601,
              "max": 2000,
              "step": 1
            }
          },
          {
            "minLevel": 100,
            "maxLevel": -1,
            "weight": 10,
            "value": {
              "min": 2001,
              "max": 3000,
              "step": 1
            }
          }
        ]
      },
      { "attribute": "the_vault:block",
        "group": "BaseBlock",
        "identifier": "the_vault:base_block",
        "tiers": [
          {
            "minLevel": 0,
            "maxLevel": -1,
            "weight": 10,
            "value": {
              "min": 0.05,
              "max": 0.1,
              "step": 0.01
            }
          },
          {
            "minLevel": 18,
            "maxLevel": -1,
            "weight": 10,
            "value": {
              "min": 0.11,
              "max": 0.15,
              "step": 0.01
            }
          },
          {
            "minLevel": 36,
            "maxLevel": -1,
            "weight": 10,
            "value": {
              "min": 0.16,
              "max": 0.2,
              "step": 0.01
            }
          },
          {
            "minLevel": 52,
            "maxLevel": -1,
            "weight": 10,
            "value": {
              "min": 0.21,
              "max": 0.25,
              "step": 0.01
            }
          },
          {
            "minLevel": 78,
            "maxLevel": -1,
            "weight": 10,
            "value": {
              "min": 0.26,
              "max": 0.3,
              "step": 0.01
            }
          },
          {
            "minLevel": 90,
            "maxLevel": -1,
            "weight": 10,
            "value": {
              "min": 0.31,
              "max": 0.35,
              "step": 0.01
            }
          },
          {
            "minLevel": 99,
            "maxLevel": -1,
            "weight": 10,
            "value": {
              "min": 0.36,
              "max": 0.4,
              "step": 0.01
            }
          }
        ]
      }
    ],
    "PREFIX": [
      { "attribute": "the_vault:health",
        "group": "ModHealth",
        "identifier": "the_vault:mod_health",
        "tiers": [
          {
            "minLevel": 0,
            "maxLevel": -1,
            "weight": 10,
            "value": {
              "min": 2,
              "max": 3,
              "step": 1
            }
          },
          {
            "minLevel": 27,
            "maxLevel": -1,
            "weight": 10,
            "value": {
              "min": 4,
              "max": 5,
              "step": 1
            }
          },
          {
            "minLevel": 53,
            "maxLevel": -1,
            "weight": 10,
            "value": {
              "min": 6,
              "max": 7,
              "step": 1
            }
          },
          {
            "minLevel": 80,
            "maxLevel": -1,
            "weight": 10,
            "value": {
              "min": 8,
              "max": 9,
              "step": 1
            }
          },
          {
            "minLevel": 92,
            "maxLevel": -1,
            "weight": 10,
            "value": {
              "min": 10,
              "max": 11,
              "step": 1
            }
          },
          {
            "minLevel": 101,
            "maxLevel": -1,
            "weight": 10,
            "value": {
              "min": 12,
              "max": 12,
              "step": 1
            }
          },
          {
            "minLevel": 101,
            "maxLevel": -1,
            "weight": 10,
            "value": {
              "min": 13,
              "max": 13,
              "step": 1
            }
          }
          
        ]
      },
      { "attribute": "the_vault:thorns_damage",
        "group": "ModThornsDamage",
        "identifier": "the_vault:mod_thorns_damage",
        "tiers": [
          {
            "minLevel": 0,
            "maxLevel": -1,
            "weight": 10,
            "value": {
              "min": 0.1,
              "max": 0.3,
              "step": 0.01
            }
          },
          {
            "minLevel": 21,
            "maxLevel": -1,
            "weight": 10,
            "value": {
              "min": 0.31,
              "max": 0.5,
              "step": 0.01
            }
          },
          {
            "minLevel": 44,
            "maxLevel": -1,
            "weight": 10,
            "value": {
              "min": 0.51,
              "max": 0.6,
              "step": 0.01
            }
          },
          {
            "minLevel": 71,
            "maxLevel": -1,
            "weight": 10,
            "value": {
              "min": 0.61,
              "max": 0.7,
              "step": 0.01
            }
          },
          {
            "minLevel": 91,
            "maxLevel": -1,
            "weight": 10,
            "value": {
              "min": 0.71,
              "max": 0.8,
              "step": 0.01
            }
          },
          {
            "minLevel": 101,
            "maxLevel": -1,
            "weight": 10,
            "value": {
              "min": 0.9,
              "max": 1.0,
              "step": 0.01
            }
          },
          {
            "minLevel": 102,
            "maxLevel": -1,
            "weight": 10,
            "value": {
              "min": 1.01,
              "max": 1.2,
              "step": 0.01
            }
          }
        ]
      },
      { "attribute": "the_vault:critical_hit_mitigation",
        "group": "ModCritHitMitigation",
        "identifier": "the_vault:mod_critical_hit_mitigation",
        "tiers": [
          {
            "minLevel": 55,
            "maxLevel": -1,
            "weight": 10,
            "value": {
              "min": 0.03,
              "max": 0.05,
              "step": 0.01
            }
          },
          {
            "minLevel": 75,
            "maxLevel": -1,
            "weight": 10,
            "value": {
              "min": 0.06,
              "max": 0.08,
              "step": 0.01
            }
          },
          {
            "minLevel": 95,
            "maxLevel": -1,
            "weight": 10,
            "value": {
              "min": 0.09,
              "max": 0.1,
              "step": 0.01
            }
          },
          {
            "minLevel": 101,
            "maxLevel": -1,
            "weight": 10,
            "value": {
              "min": 0.11,
              "max": 0.12,
              "step": 0.01
            }
          },
          {
            "minLevel": 102,
            "maxLevel": -1,
            "weight": 10,
            "value": {
              "min": 0.13,
              "max": 0.13,
              "step": 0.01
            }
          }
        ]
      },
      { "attribute": "the_vault:resistance",
        "group": "ModResistance",
        "identifier": "the_vault:mod_resistance",
        "tiers": [
          {
            "minLevel": 17,
            "maxLevel": -1,
            "weight": 10,
            "value": {
              "min": 0.04,
              "max": 0.06,
              "step": 0.01
            }
          },
          {
            "minLevel": 36,
            "maxLevel": -1,
            "weight": 10,
            "value": {
              "min": 0.07,
              "max": 0.09,
              "step": 0.01
            }
          },
          {
            "minLevel": 57,
            "maxLevel": -1,
            "weight": 10,
            "value": {
              "min": 0.1,
              "max": 0.12,
              "step": 0.01
            }
          },
          {
            "minLevel": 82,
            "maxLevel": -1,
            "weight": 10,
            "value": {
              "min": 0.13,
              "max": 0.16,
              "step": 0.01
            }
          },
          {
            "minLevel": 101,
            "maxLevel": -1,
            "weight": 10,
            "value": {
              "min": 0.17,
              "max": 0.18,
              "step": 0.01
            }
          },
          {
            "minLevel": 102,
            "maxLevel": -1,
            "weight": 10,
            "value": {
              "min": 0.19,
              "max": 0.20,
              "step": 0.01
            }
          }
        ]
      },
      { "attribute": "the_vault:block",
        "group": "ModBlock",
        "identifier": "the_vault:mod_block",
        "tiers": [
          {
            "minLevel": 40,
            "maxLevel": -1,
            "weight": 10,
            "value": {
              "min": 0.04,
              "max": 0.06,
              "step": 0.01
            }
          },
          {
            "minLevel": 65,
            "maxLevel": -1,
            "weight": 10,
            "value": {
              "min": 0.07,
              "max": 0.1,
              "step": 0.01
            }
          },
          {
            "minLevel": 88,
            "maxLevel": -1,
            "weight": 10,
            "value": {
              "min": 0.11,
              "max": 0.13,
              "step": 0.01
            }
          },
          {
            "minLevel": 101,
            "maxLevel": -1,
            "weight": 10,
            "value": {
              "min": 0.14,
              "max": 0.14,
              "step": 0.01
            }
          },
          {
            "minLevel": 102,
            "maxLevel": -1,
            "weight": 10,
            "value": {
              "min": 0.15,
              "max": 0.15,
              "step": 0.01
            }
          }
        ]
      }
    ],
    "SUFFIX": [
      { "attribute": "the_vault:knockback_resistance",
        "group": "ModKnockbackResistance",
        "identifier": "the_vault:mod_knockback_resistance",
        "tiers": [
          {
            "minLevel": 0,
            "maxLevel": -1,
            "weight": 10,
            "value": {
              "min": 0.05,
              "max": 0.1,
              "step": 0.01
            }
          },
          {
            "minLevel": 15,
            "maxLevel": -1,
            "weight": 10,
            "value": {
              "min": 0.11,
              "max": 0.14,
              "step": 0.01
            }
          },
          {
            "minLevel": 32,
            "maxLevel": -1,
            "weight": 10,
            "value": {
              "min": 0.15,
              "max": 0.19,
              "step": 0.01
            }
          },
          {
            "minLevel": 57,
            "maxLevel": -1,
            "weight": 10,
            "value": {
              "min": 0.2,
              "max": 0.24,
              "step": 0.01
            }
          },
          {
            "minLevel": 89,
            "maxLevel": -1,
            "weight": 10,
            "value": {
              "min": 0.25,
              "max": 0.3,
              "step": 0.01
            }
          },
          {
            "minLevel": 101,
            "maxLevel": -1,
            "weight": 10,
            "value": {
              "min": 0.31,
              "max": 0.4,
              "step": 0.01
            }
          },
          {
            "minLevel": 102,
            "maxLevel": -1,
            "weight": 10,
            "value": {
              "min": 0.41,
              "max": 0.5,
              "step": 0.01
            }
          }
        ]
      },
      { "attribute": "the_vault:durability",
        "group": "ModDurability",
        "identifier": "the_vault:mod_durability",
        "tiers": [
          {
            "minLevel": 11,
            "maxLevel": -1,
            "weight": 10,
            "value": {
              "min": 200,
              "max": 400,
              "step": 1
            }
          },
          {
            "minLevel": 28,
            "maxLevel": -1,
            "weight": 10,
            "value": {
              "min": 401,
              "max": 600,
              "step": 1
            }
          },
          {
            "minLevel": 46,
            "maxLevel": -1,
            "weight": 10,
            "value": {
              "min": 601,
              "max": 800,
              "step": 1
            }
          },
          {
            "minLevel": 67,
            "maxLevel": -1,
            "weight": 10,
            "value": {
              "min": 801,
              "max": 1000,
              "step": 1
            }
          },
          {
            "minLevel": 89,
            "maxLevel": -1,
            "weight": 10,
            "value": {
              "min": 1001,
              "max": 1400,
              "step": 1
            }
          },
          {
            "minLevel": 101,
            "maxLevel": -1,
            "weight": 10,
            "value": {
              "min": 1401,
              "max": 1800,
              "step": 1
            }
          },
          {
            "minLevel": 102,
            "maxLevel": -1,
            "weight": 10,
            "value": {
              "min": 1801,
              "max": 2400,
              "step": 1
            }
          }
        ]
      },
      { "attribute": "the_vault:effect_avoidance",
        "group": "ModEffectAvoidance",
        "identifier": "the_vault:mod_effect_avoidance_poison",
        "tiers": [
          {
            "minLevel": 45,
            "maxLevel": -1,
            "weight": 100,
            "value": {
              "effectKey": "minecraft:poison",
              "minChance": 0.35,
              "maxChance": 0.65,
              "step": 0.01
            }
          },
          {
            "minLevel": 101,
            "maxLevel": -1,
            "weight": 100,
            "value": {
              "effectKey": "minecraft:poison",
              "minChance": 0.66,
              "maxChance": 1.0,
              "step": 0.01
            }
          }
        ]
      },
      { "attribute": "the_vault:effect_avoidance",
        "group": "ModEffectAvoidance",
        "identifier": "the_vault:mod_effect_avoidance_wither",
        "tiers": [
          {
            "minLevel": 45,
            "maxLevel": -1,
            "weight": 100,
            "value": {
              "effectKey": "minecraft:wither",
              "minChance": 0.35,
              "maxChance": 0.65,
              "step": 0.01
            }
          },
          {
            "minLevel": 101,
            "maxLevel": -1,
            "weight": 100,
            "value": {
              "effectKey": "minecraft:wither",
              "minChance": 0.66,
              "maxChance": 1.0,
              "step": 0.01
            }
          }
        ]
      },
      { "attribute": "the_vault:effect_avoidance",
        "group": "ModEffectAvoidance",
        "identifier": "the_vault:mod_effect_avoidance_slowness",
        "tiers": [
          {
            "minLevel": 45,
            "maxLevel": -1,
            "weight": 100,
            "value": {
              "effectKey": "minecraft:slowness",
              "minChance": 0.35,
              "maxChance": 0.65,
              "step": 0.01
            }
          },
          {
            "minLevel": 101,
            "maxLevel": -1,
            "weight": 100,
            "value": {
              "effectKey": "minecraft:slowness",
              "minChance": 0.66,
              "maxChance": 1.0,
              "step": 0.01
            }
          }
        ]
      },
      { "attribute": "the_vault:soulbound",
        "group": "ModSoulbound",
        "identifier": "the_vault:mod_soulbound",
        "tiers": [
          {
            "minLevel": 0,
            "maxLevel": -1,
            "weight": 10,
            "value": {
              "flag": true
            }
          }
        ]
      },
      { "attribute": "the_vault:effect_cloud_when_hit",
        "group": "ModEffectCloud",
        "identifier": "the_vault:mod_healing_cloud",
        "tiers": [
          {
            "minLevel": 0,
            "maxLevel": -1,
            "weight": 10,
            "value": {
              "tooltipDisplayName": "Healing",
              "potion": "minecraft:empty",
              "additionalEffects": [
                {
                  "effect": "minecraft:instant_health",
                  "duration": 20,
                  "amplifier": 0,
                  "showParticles": true,
                  "showIcon": true
                }
              ],
              "duration": 60,
              "radius": 4.0,
              "color": -65536,
              "affectsOwner": true,
              "triggerChance": 0.05
            }
          },
          {
            "minLevel": 6,
            "maxLevel": -1,
            "weight": 10,
            "value": {
              "tooltipDisplayName": "Healing+",
              "potion": "minecraft:empty",
              "additionalEffects": [
                {
                  "effect": "minecraft:instant_health",
                  "duration": 20,
                  "amplifier": 2,
                  "showParticles": true,
                  "showIcon": true
                }
              ],
              "duration": 5,
              "radius": 24.0,
              "color": -65536,
              "affectsOwner": true,
              "triggerChance": 0.05
            }
          },
          {
            "minLevel": 32,
            "maxLevel": -1,
            "weight": 10,
            "value": {
              "tooltipDisplayName": "Healing II",
              "potion": "minecraft:empty",
              "additionalEffects": [
                {
                  "effect": "minecraft:instant_health",
                  "duration": 20,
                  "amplifier": 1,
                  "showParticles": true,
                  "showIcon": true
                }
              ],
              "duration": 60,
              "radius": 4.0,
              "color": -65536,
              "affectsOwner": true,
              "triggerChance": 0.05
            }
          },
          {
            "minLevel": 38,
            "maxLevel": -1,
            "weight": 10,
            "value": {
              "tooltipDisplayName": "Healing II+",
              "potion": "minecraft:empty",
              "additionalEffects": [
                {
                  "effect": "minecraft:instant_health",
                  "duration": 20,
                  "amplifier": 3,
                  "showParticles": true,
                  "showIcon": true
                }
              ],
              "duration": 5,
              "radius": 24.0,
              "color": -65536,
              "affectsOwner": true,
              "triggerChance": 0.05
            }
          },
          {
            "minLevel": 64,
            "maxLevel": -1,
            "weight": 10,
            "value": {
              "tooltipDisplayName": "Healing III",
              "potion": "minecraft:empty",
              "additionalEffects": [
                {
                  "effect": "minecraft:instant_health",
                  "duration": 20,
                  "amplifier": 2,
                  "showParticles": true,
                  "showIcon": true
                }
              ],
              "duration": 60,
              "radius": 4.0,
              "color": -65536,
              "affectsOwner": true,
              "triggerChance": 0.05
            }
          },
          {
            "minLevel": 72,
            "maxLevel": -1,
            "weight": 10,
            "value": {
              "tooltipDisplayName": "Healing III+",
              "potion": "minecraft:empty",
              "additionalEffects": [
                {
                  "effect": "minecraft:instant_health",
                  "duration": 20,
                  "amplifier": 4,
                  "showParticles": true,
                  "showIcon": true
                }
              ],
              "duration": 5,
              "radius": 24.0,
              "color": -65536,
              "affectsOwner": true,
              "triggerChance": 0.05
            }
          },
          {
            "minLevel": 101,
            "maxLevel": -1,
            "weight": 10,
            "value": {
              "tooltipDisplayName": "Healing IV",
              "potion": "minecraft:empty",
              "additionalEffects": [
                {
                  "effect": "minecraft:instant_health",
                  "duration": 20,
                  "amplifier": 3,
                  "showParticles": true,
                  "showIcon": true
                }
              ],
              "duration": 60,
              "radius": 4.0,
              "color": -65536,
              "affectsOwner": true,
              "triggerChance": 0.05
            }
          },
          {
            "minLevel": 102,
            "maxLevel": -1,
            "weight": 10,
            "value": {
              "tooltipDisplayName": "Healing IV+",
              "potion": "minecraft:empty",
              "additionalEffects": [
                {
                  "effect": "minecraft:instant_health",
                  "duration": 20,
                  "amplifier": 5,
                  "showParticles": true,
                  "showIcon": true
                }
              ],
              "duration": 5,
              "radius": 24.0,
              "color": -65536,
              "affectsOwner": true,
              "triggerChance": 0.05
            }
          }
        ]
      },
      { "attribute": "the_vault:effect_cloud_when_hit",
        "group": "ModEffectCloud",
        "identifier": "the_vault:mod_wither_cloud",
        "tiers": [
          {
            "minLevel": 0,
            "maxLevel": -1,
            "weight": 0,
            "value": {
              "tooltipDisplayName": "Wither",
              "potion": "minecraft:empty",
              "additionalEffects": [
                {
                  "effect": "minecraft:wither",
                  "duration": 140,
                  "amplifier": 1,
                  "showParticles": true,
                  "showIcon": true
                }
              ],
              "duration": 60,
              "radius": 4.0,
              "color": 3812162,
              "affectsOwner": false,
              "triggerChance": 0.05
            }
          },
          {
            "minLevel": 6,
            "maxLevel": -1,
            "weight": 0,
            "value": {
              "tooltipDisplayName": "Wither+",
              "potion": "minecraft:empty",
              "additionalEffects": [
                {
                  "effect": "minecraft:wither",
                  "duration": 80,
                  "amplifier": 4,
                  "showParticles": true,
                  "showIcon": true
                }
              ],
              "duration": 5,
              "radius": 24.0,
              "color": 3812162,
              "affectsOwner": false,
              "triggerChance": 0.05
            }
          },
          {
            "minLevel": 32,
            "maxLevel": -1,
            "weight": 0,
            "value": {
              "tooltipDisplayName": "Wither II",
              "potion": "minecraft:empty",
              "additionalEffects": [
                {
                  "effect": "minecraft:wither",
                  "duration": 140,
                  "amplifier": 2,
                  "showParticles": true,
                  "showIcon": true
                }
              ],
              "duration": 60,
              "radius": 4.0,
              "color": 3812162,
              "affectsOwner": false,
              "triggerChance": 0.05
            }
          },
          {
            "minLevel": 38,
            "maxLevel": -1,
            "weight": 0,
            "value": {
              "tooltipDisplayName": "Wither II+",
              "potion": "minecraft:empty",
              "additionalEffects": [
                {
                  "effect": "minecraft:wither",
                  "duration": 80,
                  "amplifier": 8,
                  "showParticles": true,
                  "showIcon": true
                }
              ],
              "duration": 5,
              "radius": 24.0,
              "color": 3812162,
              "affectsOwner": false,
              "triggerChance": 0.05
            }
          },
          {
            "minLevel": 64,
            "maxLevel": -1,
            "weight": 0,
            "value": {
              "tooltipDisplayName": "Wither III",
              "potion": "minecraft:empty",
              "additionalEffects": [
                {
                  "effect": "minecraft:wither",
                  "duration": 140,
                  "amplifier": 3,
                  "showParticles": true,
                  "showIcon": true
                }
              ],
              "duration": 60,
              "radius": 4.0,
              "color": 3812162,
              "affectsOwner": false,
              "triggerChance": 0.05
            }
          },
          {
            "minLevel": 72,
            "maxLevel": -1,
            "weight": 0,
            "value": {
              "tooltipDisplayName": "Wither III+",
              "potion": "minecraft:empty",
              "additionalEffects": [
                {
                  "effect": "minecraft:wither",
                  "duration": 80,
                  "amplifier": 12,
                  "showParticles": true,
                  "showIcon": true
                }
              ],
              "duration": 5,
              "radius": 24.0,
              "color": 3812162,
              "affectsOwner": false,
              "triggerChance": 0.05
            }
          },
          {
            "minLevel": 101,
            "maxLevel": -1,
            "weight": 0,
            "value": {
              "tooltipDisplayName": "Wither IV",
              "potion": "minecraft:empty",
              "additionalEffects": [
                {
                  "effect": "minecraft:wither",
                  "duration": 140,
                  "amplifier": 4,
                  "showParticles": true,
                  "showIcon": true
                }
              ],
              "duration": 60,
              "radius": 4.0,
              "color": 3812162,
              "affectsOwner": false,
              "triggerChance": 0.05
            }
          },
          {
            "minLevel": 102,
            "maxLevel": -1,
            "weight": 0,
            "value": {
              "tooltipDisplayName": "Wither IV+",
              "potion": "minecraft:empty",
              "additionalEffects": [
                {
                  "effect": "minecraft:wither",
                  "duration": 80,
                  "amplifier": 16,
                  "showParticles": true,
                  "showIcon": true
                }
              ],
              "duration": 5,
              "radius": 24.0,
              "color": 3812162,
              "affectsOwner": false,
              "triggerChance": 0.05
            }
          }
        ]
      },
      { "attribute": "the_vault:effect_cloud_when_hit",
        "group": "ModEffectCloud",
        "identifier": "the_vault:mod_slowness_cloud",
        "tiers": [
          {
            "minLevel": 0,
            "maxLevel": -1,
            "weight": 10,
            "value": {
              "tooltipDisplayName": "Slowness",
              "potion": "minecraft:empty",
              "additionalEffects": [
                {
                  "effect": "minecraft:slowness",
                  "duration": 140,
                  "amplifier": 1,
                  "showParticles": true,
                  "showIcon": true
                }
              ],
              "duration": 60,
              "radius": 4.0,
              "color": 7400423,
              "affectsOwner": false,
              "triggerChance": 0.05
            }
          },
          {
            "minLevel": 6,
            "maxLevel": -1,
            "weight": 10,
            "value": {
              "tooltipDisplayName": "Slowness+",
              "potion": "minecraft:empty",
              "additionalEffects": [
                {
                  "effect": "minecraft:slowness",
                  "duration": 80,
                  "amplifier": 3,
                  "showParticles": true,
                  "showIcon": true
                }
              ],
              "duration": 5,
              "radius": 24.0,
              "color": 7400423,
              "affectsOwner": false,
              "triggerChance": 0.05
            }
          },
          {
            "minLevel": 32,
            "maxLevel": -1,
            "weight": 10,
            "value": {
              "tooltipDisplayName": "Slowness II",
              "potion": "minecraft:empty",
              "additionalEffects": [
                {
                  "effect": "minecraft:slowness",
                  "duration": 140,
                  "amplifier": 2,
                  "showParticles": true,
                  "showIcon": true
                }
              ],
              "duration": 60,
              "radius": 4.0,
              "color": 7400423,
              "affectsOwner": false,
              "triggerChance": 0.05
            }
          },
          {
            "minLevel": 38,
            "maxLevel": -1,
            "weight": 10,
            "value": {
              "tooltipDisplayName": "Slowness II+",
              "potion": "minecraft:empty",
              "additionalEffects": [
                {
                  "effect": "minecraft:slowness",
                  "duration": 80,
                  "amplifier": 4,
                  "showParticles": true,
                  "showIcon": true
                }
              ],
              "duration": 5,
              "radius": 24.0,
              "color": 7400423,
              "affectsOwner": false,
              "triggerChance": 0.05
            }
          },
          {
            "minLevel": 64,
            "maxLevel": -1,
            "weight": 10,
            "value": {
              "tooltipDisplayName": "Slowness III",
              "potion": "minecraft:empty",
              "additionalEffects": [
                {
                  "effect": "minecraft:slowness",
                  "duration": 140,
                  "amplifier": 3,
                  "showParticles": true,
                  "showIcon": true
                }
              ],
              "duration": 60,
              "radius": 4.0,
              "color": 7400423,
              "affectsOwner": false,
              "triggerChance": 0.05
            }
          },
          {
            "minLevel": 72,
            "maxLevel": -1,
            "weight": 10,
            "value": {
              "tooltipDisplayName": "Slowness III+",
              "potion": "minecraft:empty",
              "additionalEffects": [
                {
                  "effect": "minecraft:slowness",
                  "duration": 80,
                  "amplifier": 5,
                  "showParticles": true,
                  "showIcon": true
                }
              ],
              "duration": 5,
              "radius": 24.0,
              "color": 7400423,
              "affectsOwner": false,
              "triggerChance": 0.05
            }
          },
          {
            "minLevel": 101,
            "maxLevel": -1,
            "weight": 10,
            "value": {
              "tooltipDisplayName": "Slowness IV",
              "potion": "minecraft:empty",
              "additionalEffects": [
                {
                  "effect": "minecraft:slowness",
                  "duration": 140,
                  "amplifier": 4,
                  "showParticles": true,
                  "showIcon": true
                }
              ],
              "duration": 60,
              "radius": 4.0,
              "color": 7400423,
              "affectsOwner": false,
              "triggerChance": 0.05
            }
          },
          {
            "minLevel": 102,
            "maxLevel": -1,
            "weight": 10,
            "value": {
              "tooltipDisplayName": "Slowness IV+",
              "potion": "minecraft:empty",
              "additionalEffects": [
                {
                  "effect": "minecraft:slowness",
                  "duration": 80,
                  "amplifier": 6,
                  "showParticles": true,
                  "showIcon": true
                }
              ],
              "duration": 5,
              "radius": 24.0,
              "color": 7400423,
              "affectsOwner": false,
              "triggerChance": 0.05
            }
          }
        ]
      },
      { "attribute": "the_vault:effect_cloud_when_hit",
        "group": "ModEffectCloud",
        "identifier": "the_vault:mod_weakness_cloud",
        "tiers": [
          {
            "minLevel": 0,
            "maxLevel": -1,
            "weight": 10,
            "value": {
              "tooltipDisplayName": "Weakness",
              "potion": "minecraft:empty",
              "additionalEffects": [
                {
                  "effect": "minecraft:weakness",
                  "duration": 140,
                  "amplifier": 1,
                  "showParticles": true,
                  "showIcon": true
                }
              ],
              "duration": 60,
              "radius": 4.0,
              "color": 10906908,
              "affectsOwner": false,
              "triggerChance": 0.05
            }
          },
          {
            "minLevel": 6,
            "maxLevel": -1,
            "weight": 10,
            "value": {
              "tooltipDisplayName": "Weakness+",
              "potion": "minecraft:empty",
              "additionalEffects": [
                {
                  "effect": "minecraft:weakness",
                  "duration": 80,
                  "amplifier": 3,
                  "showParticles": true,
                  "showIcon": true
                }
              ],
              "duration": 5,
              "radius": 24.0,
              "color": 10906908,
              "affectsOwner": false,
              "triggerChance": 0.05
            }
          },
          {
            "minLevel": 32,
            "maxLevel": -1,
            "weight": 10,
            "value": {
              "tooltipDisplayName": "Weakness II",
              "potion": "minecraft:empty",
              "additionalEffects": [
                {
                  "effect": "minecraft:weakness",
                  "duration": 140,
                  "amplifier": 2,
                  "showParticles": true,
                  "showIcon": true
                }
              ],
              "duration": 60,
              "radius": 4.0,
              "color": 10906908,
              "affectsOwner": false,
              "triggerChance": 0.05
            }
          },
          {
            "minLevel": 38,
            "maxLevel": -1,
            "weight": 10,
            "value": {
              "tooltipDisplayName": "Weakness II+",
              "potion": "minecraft:empty",
              "additionalEffects": [
                {
                  "effect": "minecraft:weakness",
                  "duration": 80,
                  "amplifier": 4,
                  "showParticles": true,
                  "showIcon": true
                }
              ],
              "duration": 5,
              "radius": 24.0,
              "color": 10906908,
              "affectsOwner": false,
              "triggerChance": 0.05
            }
          },
          {
            "minLevel": 64,
            "maxLevel": -1,
            "weight": 10,
            "value": {
              "tooltipDisplayName": "Weakness III",
              "potion": "minecraft:empty",
              "additionalEffects": [
                {
                  "effect": "minecraft:weakness",
                  "duration": 140,
                  "amplifier": 3,
                  "showParticles": true,
                  "showIcon": true
                }
              ],
              "duration": 60,
              "radius": 4.0,
              "color": 10906908,
              "affectsOwner": false,
              "triggerChance": 0.05
            }
          },
          {
            "minLevel": 72,
            "maxLevel": -1,
            "weight": 10,
            "value": {
              "tooltipDisplayName": "Weakness III+",
              "potion": "minecraft:empty",
              "additionalEffects": [
                {
                  "effect": "minecraft:weakness",
                  "duration": 80,
                  "amplifier": 5,
                  "showParticles": true,
                  "showIcon": true
                }
              ],
              "duration": 5,
              "radius": 24.0,
              "color": 10906908,
              "affectsOwner": false,
              "triggerChance": 0.05
            }
          },
          {
            "minLevel": 101,
            "maxLevel": -1,
            "weight": 10,
            "value": {
              "tooltipDisplayName": "Weakness IV",
              "potion": "minecraft:empty",
              "additionalEffects": [
                {
                  "effect": "minecraft:weakness",
                  "duration": 140,
                  "amplifier": 4,
                  "showParticles": true,
                  "showIcon": true
                }
              ],
              "duration": 60,
              "radius": 4.0,
              "color": 10906908,
              "affectsOwner": false,
              "triggerChance": 0.05
            }
          },
          {
            "minLevel": 102,
            "maxLevel": -1,
            "weight": 10,
            "value": {
              "tooltipDisplayName": "Weakness IV+",
              "potion": "minecraft:empty",
              "additionalEffects": [
                {
                  "effect": "minecraft:weakness",
                  "duration": 80,
                  "amplifier": 6,
                  "showParticles": true,
                  "showIcon": true
                }
              ],
              "duration": 5,
              "radius": 24.0,
              "color": 10906908,
              "affectsOwner": false,
              "triggerChance": 0.05
            }
          }
        ]
      }
    ]
  }
}