{
  "tile_processors": [
    {
      "type": "weighted_target",
      "target": "minecraft:crimson_nylium",
      "output": {
        "minecraft:soul_soil": 1,
        "minecraft:soul_sand": 1
      }
    },
    {
      "type": "weighted_target",
      "target": "minecraft:basalt",
      "output": {
        "minecraft:basalt": 1,
        "minecraft:blackstone": 1
      }
    },
    {
      "type": "weighted_target",
      "target": "minecraft:blackstone",
      "output": {
        "minecraft:blackstone": 99,
        "minecraft:gilded_blackstone": 1
      }
    },
    {
      "type": "weighted_target",
      "target": "minecraft:crimson_stem",
      "output": {
        "minecraft:basalt": 1
      }
    },
    {
      "type": "weighted_target",
      "target": "minecraft:nether_wart_block",
      "output": {
        "minecraft:air": 1
      }
    },
    {
      "type": "weighted_target",
      "target": "minecraft:shroomlight",
      "output": {
        "minecraft:air": 1
      }
    },
    {
      "type": "weighted_target",
      "target": "minecraft:red_wool",
      "output": {
        "minecraft:nether_wart[age=3]": 1,
        "minecraft:air": 3
      }
    },
    {
      "type": "weighted_target",
      "target": "minecraft:magma_block",
      "output": {
        "minecraft:magma_block": 1
      }
    },
    {
      "type": "weighted_target",
      "target": "minecraft:crimson_fungus",
      "output": {
        "minecraft:air": 1
      }
    },
    {
      "type": "weighted_target",
      "target": "minecraft:crimson_roots",
      "output": {
        "minecraft:crimson_roots": 1,
        "minecraft:air": 3
      }
    },
    {
      "type": "weighted_target",
      "target": "minecraft:weeping_vines_plant",
      "output": {
        "minecraft:air": 1
      }
    },
    {
      "type": "weighted_target",
      "target": "minecraft:weeping_vines",
      "output": {
        "minecraft:air": 1
      }
    },
    {
      "type": "weighted_target",
      "target": "minecraft:twisting_vines_plant",
      "output": {
        "minecraft:air": 1
      }
    },
    {
      "type": "weighted_target",
      "target": "minecraft:twisting_vines",
      "output": {
        "minecraft:air": 1
      }
    },
    {
      "type": "reference",
      "id": "the_vault:raw/nether/base"
    }
  ]
}