{
    "tile_processors": [
        {
            "type": "leveled",
            "levels": [
                {
                    "level": 0,
                    "type": "weighted_target",
                    "target": "ispawner:spawner",
                    "output": {
                        "ispawner:spawner{ Inventory: { Stacks: [ {id: \"the_vault:vault_green_gummy_soldier_egg\", Count: 60}, {id: \"the_vault:vault_blue_gummy_soldier_egg\", Count: 10}, {id: \"the_vault:vault_yellow_gummy_soldier_egg\", Count: 10}, {id: \"the_vault:vault_red_gummy_soldier_egg\", Count: 4}, {id: \"auxiliaryblocks:gingerbread_man_spawn_egg\", Count: 60}, {id: \"auxiliaryblocks:gingerbread_man_small_spawn_egg\", Count: 10}, {id: \"auxiliaryblocks:snowdood_spawn_egg\", Count: 10}, {id: \"the_vault:vault_fighter_0_egg\", Count: 20} ] } }": 1
                    }
                },
                {
                    "level": 20,
                    "type": "weighted_target",
                    "target": "ispawner:spawner",
                    "output": {
                        "ispawner:spawner{ Inventory: { Stacks: [ {id: \"the_vault:vault_green_gummy_soldier_egg\", Count: 60}, {id: \"the_vault:vault_blue_gummy_soldier_egg\", Count: 10}, {id: \"the_vault:vault_yellow_gummy_soldier_egg\", Count: 10}, {id: \"the_vault:vault_red_gummy_soldier_egg\", Count: 4}, {id: \"auxiliaryblocks:gingerbread_man_spawn_egg\", Count: 60}, {id: \"auxiliaryblocks:gingerbread_man_small_spawn_egg\", Count: 10}, {id: \"auxiliaryblocks:snowdood_spawn_egg\", Count: 10}, {id: \"the_vault:vault_fighter_0_egg\", Count: 19}, {id: \"the_vault:vault_fighter_1_egg\", Count: 1} ] } }": 1
                    }
                },
                {
                    "level": 25,
                    "type": "weighted_target",
                    "target": "ispawner:spawner",
                    "output": {
                        "ispawner:spawner{ Inventory: { Stacks: [ {id: \"the_vault:vault_green_gummy_soldier_egg\", Count: 60}, {id: \"the_vault:vault_blue_gummy_soldier_egg\", Count: 10}, {id: \"the_vault:vault_yellow_gummy_soldier_egg\", Count: 10}, {id: \"the_vault:vault_red_gummy_soldier_egg\", Count: 4}, {id: \"auxiliaryblocks:gingerbread_man_spawn_egg\", Count: 60}, {id: \"auxiliaryblocks:gingerbread_man_small_spawn_egg\", Count: 10}, {id: \"auxiliaryblocks:snowdood_spawn_egg\", Count: 10}, {id: \"the_vault:vault_fighter_0_egg\", Count: 15}, {id: \"the_vault:vault_fighter_1_egg\", Count: 5} ] } }": 1
                    }
                },
                {
                    "level": 30,
                    "type": "weighted_target",
                    "target": "ispawner:spawner",
                    "output": {
                        "ispawner:spawner{ Inventory: { Stacks: [{id: \"the_vault:vault_green_gummy_soldier_egg\", Count: 60}, {id: \"the_vault:vault_blue_gummy_soldier_egg\", Count: 10}, {id: \"the_vault:vault_yellow_gummy_soldier_egg\", Count: 10}, {id: \"the_vault:vault_red_gummy_soldier_egg\", Count: 4}, {id: \"auxiliaryblocks:gingerbread_man_spawn_egg\", Count: 60}, {id: \"auxiliaryblocks:gingerbread_man_small_spawn_egg\", Count: 10}, {id: \"auxiliaryblocks:snowdood_spawn_egg\", Count: 10}, {id: \"the_vault:vault_fighter_0_egg\", Count: 10}, {id: \"the_vault:vault_fighter_1_egg\", Count: 10} ] } }": 1
                    }
                },
                {
                    "level": 40,
                    "type": "weighted_target",
                    "target": "ispawner:spawner",
                    "output": {
                        "ispawner:spawner{ Inventory: { Stacks: [ {id: \"the_vault:vault_green_gummy_soldier_egg\", Count: 60}, {id: \"the_vault:vault_blue_gummy_soldier_egg\", Count: 10}, {id: \"the_vault:vault_yellow_gummy_soldier_egg\", Count: 10}, {id: \"the_vault:vault_red_gummy_soldier_egg\", Count: 4}, {id: \"auxiliaryblocks:gingerbread_man_spawn_egg\", Count: 60}, {id: \"auxiliaryblocks:gingerbread_man_small_spawn_egg\", Count: 10}, {id: \"auxiliaryblocks:snowdood_spawn_egg\", Count: 10}, {id: \"the_vault:vault_fighter_0_egg\", Count: 2}, {id: \"the_vault:vault_fighter_1_egg\", Count: 18} ] } }": 1
                    }
                },
                {
                    "level": 50,
                    "type": "weighted_target",
                    "target": "ispawner:spawner",
                    "output": {
                        "ispawner:spawner{ Inventory: { Stacks: [ {id: \"the_vault:vault_green_gummy_soldier_egg\", Count: 60}, {id: \"the_vault:vault_blue_gummy_soldier_egg\", Count: 10}, {id: \"the_vault:vault_yellow_gummy_soldier_egg\", Count: 10}, {id: \"the_vault:vault_red_gummy_soldier_egg\", Count: 4}, {id: \"auxiliaryblocks:gingerbread_man_spawn_egg\", Count: 60}, {id: \"auxiliaryblocks:gingerbread_man_small_spawn_egg\", Count: 10}, {id: \"auxiliaryblocks:snowdood_spawn_egg\", Count: 10}, {id: \"the_vault:vault_fighter_1_egg\", Count: 19}, {id: \"the_vault:vault_fighter_2_egg\", Count: 1} ] } }": 1
                    }
                },
                {
                    "level": 55,
                    "type": "weighted_target",
                    "target": "ispawner:spawner",
                    "output": {
                        "ispawner:spawner{ Inventory: { Stacks: [ {id: \"the_vault:vault_green_gummy_soldier_egg\", Count: 60}, {id: \"the_vault:vault_blue_gummy_soldier_egg\", Count: 10}, {id: \"the_vault:vault_yellow_gummy_soldier_egg\", Count: 10}, {id: \"the_vault:vault_red_gummy_soldier_egg\", Count: 4}, {id: \"auxiliaryblocks:gingerbread_man_spawn_egg\", Count: 60}, {id: \"auxiliaryblocks:gingerbread_man_small_spawn_egg\", Count: 10}, {id: \"auxiliaryblocks:snowdood_spawn_egg\", Count: 10}, {id: \"the_vault:vault_fighter_1_egg\", Count: 15}, {id: \"the_vault:vault_fighter_2_egg\", Count: 5} ] } }": 1
                    }
                },
                {
                    "level": 60,
                    "type": "weighted_target",
                    "target": "ispawner:spawner",
                    "output": {
                        "ispawner:spawner{ Inventory: { Stacks: [ {id: \"the_vault:vault_green_gummy_soldier_egg\", Count: 60}, {id: \"the_vault:vault_blue_gummy_soldier_egg\", Count: 10}, {id: \"the_vault:vault_yellow_gummy_soldier_egg\", Count: 10}, {id: \"the_vault:vault_red_gummy_soldier_egg\", Count: 4}, {id: \"auxiliaryblocks:gingerbread_man_spawn_egg\", Count: 60}, {id: \"auxiliaryblocks:gingerbread_man_small_spawn_egg\", Count: 10}, {id: \"auxiliaryblocks:snowdood_spawn_egg\", Count: 10}, {id: \"the_vault:vault_fighter_1_egg\", Count: 10}, {id: \"the_vault:vault_fighter_2_egg\", Count: 10} ] } }": 1
                    }
                },
                {
                    "level": 65,
                    "type": "weighted_target",
                    "target": "ispawner:spawner",
                    "output": {
                        "ispawner:spawner{ Inventory: { Stacks: [ {id: \"the_vault:vault_green_gummy_soldier_egg\", Count: 60}, {id: \"the_vault:vault_blue_gummy_soldier_egg\", Count: 10}, {id: \"the_vault:vault_yellow_gummy_soldier_egg\", Count: 10}, {id: \"the_vault:vault_red_gummy_soldier_egg\", Count: 4}, {id: \"auxiliaryblocks:gingerbread_man_spawn_egg\", Count: 60}, {id: \"auxiliaryblocks:gingerbread_man_small_spawn_egg\", Count: 10}, {id: \"auxiliaryblocks:snowdood_spawn_egg\", Count: 10}, {id: \"the_vault:vault_fighter_1_egg\", Count: 5}, {id: \"the_vault:vault_fighter_2_egg\", Count: 15} ] } }": 1
                    }
                },
                {
                    "level": 70,
                    "type": "weighted_target",
                    "target": "ispawner:spawner",
                    "output": {
                        "ispawner:spawner{ Inventory: { Stacks: [ {id: \"the_vault:vault_green_gummy_soldier_egg\", Count: 60}, {id: \"the_vault:vault_blue_gummy_soldier_egg\", Count: 10}, {id: \"the_vault:vault_yellow_gummy_soldier_egg\", Count: 10}, {id: \"the_vault:vault_red_gummy_soldier_egg\", Count: 4}, {id: \"auxiliaryblocks:gingerbread_man_spawn_egg\", Count: 60}, {id: \"auxiliaryblocks:gingerbread_man_small_spawn_egg\", Count: 10}, {id: \"auxiliaryblocks:snowdood_spawn_egg\", Count: 10}, {id: \"the_vault:vault_fighter_2_egg\", Count: 20} ] } }": 1
                    }
                }
            ]
        }
    ]
}