{
    "tile_processors": [
        {
            "type": "leveled",
            "levels": [
                {
                    "level": 0,
                    "type": "weighted_target",
                    "target": "ispawner:spawner",
                    "output": {
                        "ispawner:spawner{ Inventory: { Stacks: [ {id: \"minecraft:enderman_spawn_egg\", Count: 60}, {id: \"minecraft:shulker_spawn_egg\", Count: 10}, {id: \"alexsmobs:spawn_egg_mimicube\", Count: 2 }, {id: \"the_vault:vault_fighter_1_egg\", Count: 20} ] } }": 1
                    }
                },
                {
                    "level": 30,
                    "type": "weighted_target",
                    "target": "ispawner:spawner",
                    "output": {
                        "ispawner:spawner{ Inventory: { Stacks: [ {id: \"minecraft:shulker_spawn_egg\", Count: 10}, {id: \"alexsmobs:spawn_egg_mimicube\", Count: 2 }, {id: \"minecraft:enderman_spawn_egg\", Count: 60}, {id: \"the_vault:vault_fighter_1_egg\", Count: 20} ] } }": 1
                    }
                },
                {
                    "level": 50,
                    "type": "weighted_target",
                    "target": "ispawner:spawner",
                    "output": {
                        "ispawner:spawner{ Inventory: { Stacks: [ {id: \"minecraft:shulker_spawn_egg\", Count: 10}, {id: \"alexsmobs:spawn_egg_mimicube\", Count: 2 }, {id: \"minecraft:enderman_spawn_egg\", Count: 57}, {id: \"the_vault:vault_fighter_1_egg\", Count: 19}, {id: \"the_vault:t1_enderman_egg\", Count: 3}, {id: \"the_vault:vault_fighter_2_egg\", Count: 1} ] } }": 1
                    }
                },
                {
                    "level": 55,
                    "type": "weighted_target",
                    "target": "ispawner:spawner",
                    "output": {
                        "ispawner:spawner{ Inventory: { Stacks: [ {id: \"minecraft:shulker_spawn_egg\", Count: 10}, {id: \"alexsmobs:spawn_egg_mimicube\", Count: 2 }, {id: \"minecraft:enderman_spawn_egg\", Count: 45}, {id: \"the_vault:vault_fighter_1_egg\", Count: 15}, {id: \"the_vault:t1_enderman_egg\", Count: 15}, {id: \"the_vault:vault_fighter_2_egg\", Count: 5} ] } }": 1
                    }
                },
                {
                    "level": 60,
                    "type": "weighted_target",
                    "target": "ispawner:spawner",
                    "output": {
                        "ispawner:spawner{ Inventory: { Stacks: [ {id: \"minecraft:shulker_spawn_egg\", Count: 10}, {id: \"alexsmobs:spawn_egg_mimicube\", Count: 2 }, {id: \"minecraft:enderman_spawn_egg\", Count: 30}, {id: \"the_vault:vault_fighter_1_egg\", Count: 10}, {id: \"the_vault:t1_enderman_egg\", Count: 30}, {id: \"the_vault:vault_fighter_2_egg\", Count: 10} ] } }": 1
                    }
                },
                {
                    "level": 65,
                    "type": "weighted_target",
                    "target": "ispawner:spawner",
                    "output": {
                        "ispawner:spawner{ Inventory: { Stacks: [ {id: \"minecraft:shulker_spawn_egg\", Count: 10}, {id: \"alexsmobs:spawn_egg_mimicube\", Count: 2 }, {id: \"minecraft:enderman_spawn_egg\", Count: 15}, {id: \"the_vault:vault_fighter_1_egg\", Count: 5}, {id: \"the_vault:t1_enderman_egg\", Count: 45}, {id: \"the_vault:vault_fighter_2_egg\", Count: 15} ] } }": 1
                    }
                },
                {
                    "level": 70,
                    "type": "weighted_target",
                    "target": "ispawner:spawner",
                    "output": {
                        "ispawner:spawner{ Inventory: { Stacks: [ {id: \"minecraft:shulker_spawn_egg\", Count: 10}, {id: \"alexsmobs:spawn_egg_mimicube\", Count: 2 }, {id: \"the_vault:t1_enderman_egg\", Count: 60}, {id: \"the_vault:vault_fighter_2_egg\", Count: 20} ] } }": 1
                    }
                }
            ]
        }
    ]
}