{
    "flower": "botania:livingrock",
    "maxTimeInHive": 1200,
    "traits": [],
    "hasHoneycomb": true,
    "baseLayerTexture": "misc/mystical_bee",
    "ColorData": {
        "primaryColor": "#5cea30",
        "secondaryColor": "#79ef50",
        "honeycombColor": "#5cea30",
        "primaryLayerTexture": "misc/mystical_rainbow_bee",
        "secondaryLayerTexture": "empty_layer",
        "emissiveLayerTexture": "misc/mystical_rainbow_bee",
        "isBeeColored": true,
        "isRainbowBee": true,
        "isGlowing": false,
        "glowColor": "#5cea30",
        "isEnchanted": false,
        "glowingPulse": 0,
        "modelType": "MUSHROOM"
    },
    "CombatData": {
        "isPassive": true,
        "removeStingerOnAttack": true,
        "inflictsPoison": true,
        "attackDamage": 1
    },
    "MutationData": {
        "hasMutation": true,
        "mutationCount": 1,
        "mutations": [{
            "type": "BLOCK_TO_ITEM",
            "inputID": "resourcefulbees:mystical_honeycomb_block",
            "outputs": [{
                "outputID": "resourcefulbees:mystical_honeycomb",
                "weight": 80
            }, {
                "outputID": "resourcefulbees:mystical_bee_spawn_egg",
                "weight": 20
            }]
        }]
    },
    "CentrifugeData": {
        "hasCentrifugeOutput": false,
        "mainInputCount": 1,
        "mainOutput": "minecraft:honey_bottle",
        "mainOutputWeight": 0.5,
        "mainOutputCount": 1,
        "mainNBTData": {},
        "secondaryOutput": "resourcefulbees:wax",
        "secondaryOutputWeight": 0.2,
        "secondaryOutputCount": 1,
        "secondaryNBTData": {},
        "bottleOutput": "minecraft:honey_bottle",
        "bottleOutputWeight": 0.25,
        "bottleOutputCount": 1,
        "bottleNBTData": {},
        "recipeTime": 200,
        "hasFluidOutput": false
    },
    "SpawnData": {
        "canSpawnInWorld": true,
        "biomeWhitelist": "tag:magical",
        "biomeBlacklist": "",
        "spawnWeight": 5,
        "minYLevel": 0,
        "maxYLevel": 255,
        "minGroupSize": 1,
        "maxGroupSize": 3,
        "lightLevel": "ANY"
    },
    "BreedData": {
        "isBreedable": true,
        "parent1": "",
        "parent2": "",
        "breedWeight": 10,
        "breedChance": 0.8,
        "feedItem": "tag:botania:mystical_flowers",
        "feedAmount": 5,
        "childGrowthDelay": -24000,
        "breedDelay": 6000
    },
    "TraitData": {
        "hasTraits": false
    }
}