{
    "flower": "minecraft:water",
    "maxTimeInHive": 1200,
    "traits": ["can_swim"],
    "hasHoneycomb": true,
    "baseLayerTexture": "misc/water_bee",
    "ColorData": {
        "primaryColor": "#8499D6",
        "secondaryColor": "#8499D6",
        "honeycombColor": "#8499D6",
        "primaryLayerTexture": "empty_layer",
        "secondaryLayerTexture": "empty_layer",
        "emissiveLayerTexture": "empty_layer",
        "isBeeColored": false,
        "isRainbowBee": false,
        "isGlowing": false,
        "glowColor": "#8499D6",
        "isEnchanted": false,
        "glowingPulse": 0,
        "modelType": "MUSHROOM"
    },
    "CombatData": {
        "isPassive": true,
        "removeStingerOnAttack": true,
        "inflictsPoison": true,
        "attackDamage": 1
    },
    "MutationData": {
        "hasMutation": true,
        "mutationCount": 1,
        "mutations": [{
            "type": "BLOCK_TO_ITEM",
            "inputID": "resourcefulbees:water_honeycomb_block",
            "outputs": [{
                "outputID": "resourcefulbees:water_honeycomb",
                "weight": 80
            }, {
                "outputID": "resourcefulbees:water_bee_spawn_egg",
                "weight": 20
            }]
        }]
    },
    "CentrifugeData": {
        "hasCentrifugeOutput": true,
        "mainInputCount": 1,
        "mainOutput": "minecraft:water",
        "mainOutputWeight": 1,
        "mainOutputCount": 1000,
        "mainNBTData": {},
        "secondaryOutput": "resourcefulbees:wax",
        "secondaryOutputWeight": 0.2,
        "secondaryOutputCount": 1,
        "secondaryNBTData": {},
        "bottleOutput": "minecraft:honey_bottle",
        "bottleOutputWeight": 0.25,
        "bottleOutputCount": 1,
        "bottleNBTData": {},
        "recipeTime": 200,
        "hasFluidOutput": true
    },
    "SpawnData": {
        "canSpawnInWorld": true,
        "biomeWhitelist": "tag:ocean,tag:river",
        "biomeBlacklist": "",
        "spawnWeight": 5,
        "minYLevel": 0,
        "maxYLevel": 255,
        "minGroupSize": 1,
        "maxGroupSize": 3,
        "lightLevel": "ANY"
    },
    "BreedData": {
        "isBreedable": true,
        "parent1": "",
        "parent2": "",
        "breedWeight": 10,
        "breedChance": 0.8,
        "feedItem": "minecraft:water_bucket",
        "feedAmount": 1,
        "childGrowthDelay": -24000,
        "breedDelay": 6000
    },
    "TraitData": {
        "hasTraits": true
    }
}