{
  "tile_processors": [
    {
      "type": "reference",
      "id": "the_vault:generic/treasure_door_placeholder"
    },
    {
      "type": "weighted_target",
      "target": "minecraft:stone",
      "output": {
        "minecraft:deepslate": 1,
        "minecraft:cobbled_deepslate": 1,
        "minecraft:smooth_basalt": 1,
        "minecraft:basalt": 1

      }
    },
    {
      "type": "weighted_target",
      "target": "minecraft:cobblestone",
      "output": {
        "minecraft:cobbled_deepslate": 1,
        "minecraft:smooth_basalt": 1,
        "minecraft:tuff": 1,
        "create:cut_tuff": 1
      }
    },
    {
      "type": "weighted_target",
      "target": "minecraft:gray_concrete",
      "output": {
        "minecraft:tuff": 1,
        "create:cut_tuff": 1
      }
    },
    {
      "type": "weighted_target",
      "target": "minecraft:dirt",
      "output": {
        "minecraft:terracotta": 1
      }
    },
    {
      "type": "weighted_target",
      "target": "minecraft:coarse_dirt",
      "output": {
        "minecraft:coarse_dirt": 4,
        "minecraft:rooted_dirt": 4,
        "minecraft:terracotta": 3,
        "auxiliaryblocks:rocky_dirt": 2,
        "minecraft:dripstone_block": 1
      }
    },
    {
      "type": "weighted_target",
      "target": "minecraft:grass_block",
      "output": {
        "minecraft:red_sand": 4,
        "minecraft:smooth_red_sandstone": 2,
        "minecraft:orange_terracotta": 4
      }
    },
    {
      "type": "weighted_target",
      "target": "minecraft:stone_slab",
      "output": {
        "minecraft:red_sandstone_slab": 1
      }
    },
    {
      "type": "weighted_target",
      "target": "minecraft:cobblestone_slab",
      "output": {
        "minecraft:cobbled_deepslate_slab": 1
      }
    },
    {
      "type": "weighted_target",
      "target": "minecraft:spruce_slab",
      "output": {
        "minecraft:spruce_slab": 1
      }
    },
    {
      "type": "weighted_target",
      "target": "minecraft:purple_wool",
      "output": {
        "minecraft:light_gray_terracotta": 1
      }
    },
    {
      "type": "weighted_target",
      "target": "minecraft:water",
      "output": {
        "minecraft:air": 1
      }
    },
    {
      "type": "weighted_target",
      "target": "minecraft:birch_log",
      "output": {
        "minecraft:spruce_log": 1
      }
    },
    {
      "type": "weighted_target",
      "target": "minecraft:birch_fence",
      "output": {
        "minecraft:spruce_fence": 1
      }
    },
    {
      "type": "weighted_target",
      "target": "minecraft:warped_fence",
      "output": {
        "minecraft:air": 1
      }
    },
    {
      "type": "weighted_target",
      "target": "minecraft:warped_wart_block",
      "output": {
        "minecraft:air": 1
      }
    },
    {
      "type": "weighted_target",
      "target": "minecraft:shroomlight",
      "output": {
        "minecraft:air": 1
      }
    },
    {
      "type": "weighted_target",
      "target": "architects_palette:twisted_fence",
      "output": {
        "minecraft:spruce_fence": 1
      }
    },
    {
      "type": "weighted_target",
      "target": "minecraft:cave_vines_plant",
      "output": {
        "minecraft:air": 1
      }
    },
    {
      "type": "weighted_target",
      "target": "minecraft:cave_vines",
      "output": {
        "minecraft:air": 1
      }
    },
    {
      "type": "weighted_target",
      "target": "minecraft:spore_blossom",
      "output": {
        "minecraft:hanging_roots": 1,
        "minecraft:air": 1
      }
    },
    {
      "type": "weighted_target",
      "target": "minecraft:brown_wool",
      "output": {
        "minecraft:hanging_roots": 1,
        "minecraft:air": 1
      }
    },
    {
      "type": "weighted_target",
      "target": "minecraft:pink_wool",
      "output": {
        "minecraft:air": 1
      }
    },
    {
      "type": "weighted_target",
      "target": "minecraft:grass",
      "output": {
        "minecraft:dead_bush": 4,
        "minecraft:pointed_dripstone": 2,
        "quark:glow_shroom": 1,
        "minecraft:air": 7
      }
    },
    {
      "type": "weighted_target",
      "target": "minecraft:tall_grass[half=lower]",
      "output": {
        "minecraft:pointed_dripstone[thickness=frustum,vertical_direction=up]": 1
      }
    },
    {
      "type": "weighted_target",
      "target": "minecraft:tall_grass[half=upper]",
      "output": {
        "minecraft:pointed_dripstone[thickness=tip,vertical_direction=up]": 1
      }
    },
    {
      "type": "weighted_target",
      "target": "minecraft:twisting_vines_plant",
      "output": {
        "minecraft:cactus": 1
      }
    },
    {
      "type": "weighted_target",
      "target": "minecraft:twisting_vines",
      "output": {
        "minecraft:air": 1
      }
    },
    {
      "type": "weighted_target",
      "target": "minecraft:fern",
      "output": {
        "quark:glow_lichen_growth": 1
      }
    },
    {
      "type": "weighted_target",
      "target": "minecraft:lime_wool",
      "output": {
        "ecologics:walnut_leaves": 1
      }
    },
    {
      "type": "weighted_target",
      "target": "minecraft:cyan_wool",
      "output": {
        "ecologics:walnut_leaves": 1
      }
    },
    {
      "type": "weighted_target",
      "target": "minecraft:oak_log",
      "output": {
        "minecraft:spruce_log": 1
      }
    },
    {
      "type": "weighted_target",
      "target": "minecraft:oak_wood",
      "output": {
        "minecraft:spruce_wood": 1
      }
    },
    {
      "type": "weighted_target",
      "target": "minecraft:oak_leaves",
      "output": {
        "minecraft:air": 1
      }
    },
    {
      "type": "weighted_target",
      "target": "minecraft:oak_planks",
      "output": {
        "minecraft:dark_oak_planks": 1
      }
    },
    {
      "type": "weighted_target",
      "target": "minecraft:oak_fence",
      "output": {
        "minecraft:dark_oak_fence": 1
      }
    },
    {
      "type": "weighted_target",
      "target": "minecraft:oak_slab",
      "output": {
        "minecraft:dark_oak_slab": 1
      }
    },
    {
      "type": "weighted_target",
      "target": "minecraft:oak_trapdoor",
      "output": {
        "mcwtrpdoors:dark_oak_cottage_trapdoor": 3,
        "mcwtrpdoors:dark_oak_tropical_trapdoor": 1
      }
    },
    {
      "type": "weighted_target",
      "target": "minecraft:oak_stairs",
      "output": {
        "minecraft:dark_oak_stairs": 1
      }
    },
    {
      "type": "weighted_target",
      "target": "minecraft:oak_fence_gate",
      "output": {
          "minecraft:dark_oak_fence_gate": 1
      }
  },
  {
      "type": "weighted_target",
      "target": "minecraft:oak_door",
      "output": {
          "mcwdoors:dark_oak_cottage_door": 2,
          "mcwdoors:dark_oak_classic_door": 1
      }
  },
    {
      "type": "weighted_target",
      "target": "minecraft:stone_bricks",
      "output": {
        "minecraft:deepslate_bricks": 1
      }
    },
    {
      "type": "weighted_target",
      "target": "minecraft:stone_brick_stairs",
      "output": {
        "minecraft:deepslate_brick_stairs": 1
      }
    },
    {
      "type": "weighted_target",
      "target": "create:andesite_pillar",
      "output": {
        "minecraft:cobbled_deepslate": 1
      }
    },
    {
      "type": "weighted_target",
      "target": "minecraft:chiseled_stone_bricks",
      "output": {
        "minecraft:polished_deepslate": 1
      }
    },
    {
      "type": "weighted_target",
      "target": "minecraft:stone_brick_slab",
      "output": {
        "minecraft:deepslate_brick_slab": 1
      }
    },
    {
      "type": "weighted_target",
      "target": "quark:stone_brick_vertical_slab",
      "output": {
        "quark:deepslate_brick_vertical_slab": 1
      }
    },
    {
      "type": "weighted_target",
      "target": "quark:stone_vertical_slab",
      "output": {
        "minecraft:orange_terracotta": 1
      }
    },
    {
      "type": "weighted_target",
      "target": "minecraft:stone_brick_wall",
      "output": {
        "minecraft:deepslate_brick_wall": 1
      }
    },
    {
      "type": "weighted_target",
      "target": "minecraft:cobblestone_wall",
      "output": {
        "minecraft:cobbled_deepslate_wall": 3,
        "minecraft:deepslate_brick_wall": 1
      }
    },
    {
      "type": "weighted_target",
      "target": "minecraft:cobblestone_stairs",
      "output": {
        "minecraft:cobbled_deepslate_stairs": 3,
        "minecraft:deepslate_brick_stairs": 1
      }
    },
    {
      "type": "weighted_target",
      "target": "minecraft:mossy_stone_bricks",
      "output": {
        "minecraft:cracked_deepslate_bricks": 1
      }
    },
    {
      "type": "weighted_target",
      "target": "minecraft:mossy_cobblestone",
      "output": {
        "minecraft:cobbled_deepslate": 1
      }
    },
    {
      "type": "weighted_target",
      "target": "minecraft:green_concrete",
      "output": {
        "minecraft:red_sand": 1,
        "minecraft:red_sandstone": 2
      }
    },
    {
      "type": "weighted_target",
      "target": "minecraft:magma_block",
      "output": {
        "minecraft:magma_block": 1
      }
    },
    {
      "type": "weighted_target",
      "target": "minecraft:lava",
      "output": {
        "minecraft:lava": 1
      }
    },
    {
      "type": "weighted_target",
      "target": "minecraft:moss_carpet",
      "output": {
        "minecraft:air": 1
      }
    },
    {
      "type": "weighted_target",
      "target": "decorative_blocks:brazier",
      "output": {
        "decorative_blocks:brazier": 1
      }
    },
    {
      "type": "weighted_target",
      "target": "minecraft:campfire",
      "output": {
        "minecraft:campfire": 1
      }
    },
    {
      "type": "weighted_target",
      "target": "minecraft:lantern",
      "output": {
        "minecraft:lantern": 1
      }
    },
    {
      "type": "weighted_target",
      "target": "supplementaries:wall_lantern{Lantern:{Name:\"minecraft:lantern\"}}",
      "output": {
        "supplementaries:wall_lantern{Lantern:{Name:\"minecraft:lantern\",Properties:{waterlogged:\"false\", hanging:\"false\"}}}": 1
      }
    },
    {
      "type": "weighted_target",
      "target": "minecraft:soul_lantern",
      "output": {
        "minecraft:lantern": 1
      }
    },
    {
      "type": "weighted_target",
      "target": "minecraft:glass",
      "output": {
        "minecraft:light[level=10]": 1
      }
    },
    {
      "type": "weighted_target",
      "target": "minecraft:cyan_stained_glass",
      "output": {
        "minecraft:red_sand": 1
      }
    },
    {
      "type": "weighted_target",
      "target": "minecraft:light_blue_stained_glass",
      "output": {
        "minecraft:red_sand": 1
      }
    },
    {
      "type": "weighted_target",
      "target": "minecraft:bookshelf",
      "output": {
        "quark:dark_oak_bookshelf": 1
      }
    },
    {
      "type": "weighted_target",
      "target": "ecologics:azalea_log",
      "output": {
        "minecraft:spruce_log": 1
      }
    },
    {
      "type": "weighted_target",
      "target": "ecologics:azalea_fence",
      "output": {
        "minecraft:dark_oak_fence": 1
      }
    },
    {
      "type": "weighted_target",
      "target": "create:cut_crimsite_wall",
      "output": {
        "minecraft:cobbled_deepslate_wall": 1
      }
    },
    {
      "type": "weighted_target",
      "target": "quark:azalea_log",
      "output": {
        "minecraft:spruce_log": 1
      }
    },
    {
      "type": "weighted_target",
      "target": "quark:azalea_planks",
      "output": {
        "minecraft:spruce_log": 1
      }
    },
    {
      "type": "weighted_target",
      "target": "quark:azalea_planks_stairs",
      "output": {
        "minecraft:dark_oak_stairs": 1
      }
    },
    {
      "type": "weighted_target",
      "target": "create:cut_veridium_wall",
      "output": {
        "minecraft:cobbled_deepslate_wall": 1
      }
    },
    {
      "type": "weighted_target",
      "target": "minecraft:sand",
      "output": {
        "minecraft:orange_concrete_powder": 1
      }
    },
    {
      "type": "weighted_target",
      "target": "minecraft:potted_oak_sapling",
      "output": {
        "minecraft:potted_dead_bush": 1
      }
    },
    {
      "type": "weighted_target",
      "target": "quark:oak_hedge",
      "output": {
        "minecraft:air": 1
      }
    },
    {
      "type": "weighted_target",
      "target": "decorative_blocks:oak_support",
      "output": {
        "decorative_blocks:dark_oak_support": 1
      }
    },
    {
      "type": "weighted_target",
      "target": "minecraft:end_stone_bricks",
      "output": {
        "minecraft:polished_deepslate": 7,
        "minecraft:deepslate": 1,
        "minecraft:red_sandstone": 3
      }
    },
    {
      "type": "weighted_target",
      "target": "minecraft:end_stone_brick_stairs",
      "output": {
        "minecraft:polished_deepslate_stairs": 1
      }
    },
    {
      "type": "weighted_target",
      "target": "minecraft:end_stone_brick_slab",
      "output": {
        "minecraft:polished_deepslate_slab": 1
      }
    },
    {
      "type": "weighted_target",
      "target": "minecraft:end_stone",
      "output": {
        "minecraft:chiseled_red_sandstone": 1
      }
    },
    {
      "type": "reference",
      "id": "the_vault:generic/room_base"
    },
    {
      "type": "reference",
      "id": "the_vault:generic/spawners/desert_mobs"
    },
    {
      "type": "reference",
      "id": "the_vault:generic/common_elite_spawners"
    }
  ],
  "entity_processors": [],
  "decorators": []
}