[
  {
    "weight": 1,
    "value": {
      "template": "the_vault:empty",
      "palettes": []
    }
  },
  {
    "weight": 1,
    "pool": [
      {
        "weight": 1,
        "value": {
          "template": "the_vault:vault/decor/challenge_digsite/fossil1",
          "palettes": [ "the_vault:challenge_digsite/spawner_settings" ]
        }
      },
      {
        "weight": 1,
        "value": {
          "template": "the_vault:vault/decor/challenge_digsite/fossil2",
          "palettes": [ "the_vault:challenge_digsite/spawner_settings" ]
        }
      },
      {
        "weight": 1,
        "value": {
          "template": "the_vault:vault/decor/challenge_digsite/fossil3",
          "palettes": [ "the_vault:challenge_digsite/spawner_settings" ]
        }
      },
      {
        "weight": 1,
        "value": {
          "template": "the_vault:vault/decor/challenge_digsite/fossil4",
          "palettes": [ "the_vault:challenge_digsite/spawner_settings" ]
        }
      }
    ]
  }
]