{
  "tile_processors": [
    {
      "type": "leveled",
      "levels": [
        {
            "level": 0,
            "type": "weighted_target",
            "target": "the_vault:xp_altar",
            "output": {
                "the_vault:xp_altar{Reward:\"the_vault:tenos_altar\"}": 1
            }
        }
      ]
    },
    {
      "type": "leveled",
      "levels": [
        {
            "level": 0,
            "type": "weighted_target",
            "target": "the_vault:blood_altar",
            "output": {
              "the_vault:blood_altar{Reward:\"the_vault:velara_altar\"}": 1
            }
        }
      ]
    },
    {
      "type": "leveled",
      "levels": [
        {
          "level": 0,
          "type": "weighted_target",
          "target": "the_vault:time_altar",
          "output": {
            "the_vault:time_altar{Reward:\"the_vault:wendarr_altar\"}": 1
          }
        }
      ]
    },
    {
      "type": "leveled",
      "levels": [
        {
          "level": 0,
          "type": "weighted_target",
          "target": "the_vault:soul_altar",
          "output": {
            "the_vault:soul_altar{Reward:\"the_vault:idona_altar\"}": 1
          }
        }
      ]
    },
    {
      "type": "leveled",
      "levels": [
        {
            "level": 0,
            "type": "weighted_target",
            "target": "the_vault:xp_altar",
            "output": {
                "the_vault:xp_altar{MaxProgress: 8}": 1
            }
        },
        {
          "level": 10,
          "type": "weighted_target",
          "target": "the_vault:xp_altar",
          "output": {
              "the_vault:xp_altar{MaxProgress: 14}": 1
          }
      },
        {
          "level": 20,
          "type": "weighted_target",
          "target": "the_vault:xp_altar",
          "output": {
              "the_vault:xp_altar{MaxProgress: 20}": 1
          }
        },
        {
          "level": 30,
          "type": "weighted_target",
          "target": "the_vault:xp_altar",
          "output": {
              "the_vault:xp_altar{MaxProgress: 22}": 1
          }
        },
        {
          "level": 40,
          "type": "weighted_target",
          "target": "the_vault:xp_altar",
          "output": {
              "the_vault:xp_altar{MaxProgress: 24}": 1
          }
        },
        {
          "level": 50,
          "type": "weighted_target",
          "target": "the_vault:xp_altar",
          "output": {
              "the_vault:xp_altar{MaxProgress: 26}": 1
          }
        },
        {
          "level": 60,
          "type": "weighted_target",
          "target": "the_vault:xp_altar",
          "output": {
              "the_vault:xp_altar{MaxProgress: 27}": 1
          }
        },
        {
          "level": 70,
          "type": "weighted_target",
          "target": "the_vault:xp_altar",
          "output": {
              "the_vault:xp_altar{MaxProgress: 28}": 1
          }
        },
        {
          "level": 80,
          "type": "weighted_target",
          "target": "the_vault:xp_altar",
          "output": {
              "the_vault:xp_altar{MaxProgress: 29}": 1
          }
        },
        {
          "level": 90,
          "type": "weighted_target",
          "target": "the_vault:xp_altar",
          "output": {
              "the_vault:xp_altar{MaxProgress: 30}": 1
          }
        },
        {
          "level": 100,
          "type": "weighted_target",
          "target": "the_vault:xp_altar",
          "output": {
              "the_vault:xp_altar{MaxProgress: 31}": 1
          }
        }
      ]
    },
    {
      "type": "leveled",
      "levels": [
        {
            "level": 0,
            "type": "weighted_target",
            "target": "the_vault:blood_altar",
            "output": {
              "the_vault:blood_altar{MaxProgress: 2}": 1
            }
        },
        {
          "level": 10,
          "type": "weighted_target",
          "target": "the_vault:blood_altar",
          "output": {
            "the_vault:blood_altar{MaxProgress: 3}": 1
          }
        },
        {
          "level": 20,
          "type": "weighted_target",
          "target": "the_vault:blood_altar",
          "output": {
            "the_vault:blood_altar{MaxProgress: 4}": 1
          }
        },
        {
          "level": 30,
          "type": "weighted_target",
          "target": "the_vault:blood_altar",
          "output": {
            "the_vault:blood_altar{MaxProgress: 5}": 1
          }
        },
        {
          "level": 40,
          "type": "weighted_target",
          "target": "the_vault:blood_altar",
          "output": {
            "the_vault:blood_altar{MaxProgress: 6}": 1
          }
        },
        {
          "level": 50,
          "type": "weighted_target",
          "target": "the_vault:blood_altar",
          "output": {
            "the_vault:blood_altar{MaxProgress: 7}": 1
          }
        },
        {
          "level": 60,
          "type": "weighted_target",
          "target": "the_vault:blood_altar",
          "output": {
            "the_vault:blood_altar{MaxProgress: 8}": 1
          }
        },
        {
          "level": 70,
          "type": "weighted_target",
          "target": "the_vault:blood_altar",
          "output": {
            "the_vault:blood_altar{MaxProgress: 9}": 1
          }
        },
        {
            "level": 80,
            "type": "weighted_target",
            "target": "the_vault:blood_altar",
            "output": {
              "the_vault:blood_altar{MaxProgress: 10}": 1
            }
        },
        {
          "level": 90,
          "type": "weighted_target",
          "target": "the_vault:blood_altar",
          "output": {
            "the_vault:blood_altar{MaxProgress: 11}": 1
          }
        },
        {
          "level": 100,
          "type": "weighted_target",
          "target": "the_vault:blood_altar",
          "output": {
            "the_vault:blood_altar{MaxProgress: 12}": 1
          }
        }
      ]
    },
    {
      "type": "leveled",
      "levels": [
        {
            "level": 0,
            "type": "weighted_target",
            "target": "the_vault:time_altar",
            "output": {
              "the_vault:time_altar{MaxProgress: 20}": 1
            }
        },
        {
          "level": 10,
          "type": "weighted_target",
          "target": "the_vault:time_altar",
          "output": {
            "the_vault:time_altar{MaxProgress: 25}": 1
          }
        },
        {
          "level": 20,
          "type": "weighted_target",
          "target": "the_vault:time_altar",
          "output": {
            "the_vault:time_altar{MaxProgress: 30}": 1
          }
        },
        {
          "level": 30,
          "type": "weighted_target",
          "target": "the_vault:time_altar",
          "output": {
            "the_vault:time_altar{MaxProgress: 35}": 1
          }
        },
        {
          "level": 40,
          "type": "weighted_target",
          "target": "the_vault:time_altar",
          "output": {
            "the_vault:time_altar{MaxProgress: 40}": 1
          }
        },
        {
          "level": 50,
          "type": "weighted_target",
          "target": "the_vault:time_altar",
          "output": {
            "the_vault:time_altar{MaxProgress: 45}": 1
          }
        },
        {
          "level": 60,
          "type": "weighted_target",
          "target": "the_vault:time_altar",
          "output": {
            "the_vault:time_altar{MaxProgress: 50}": 1
          }
        },
        {
          "level": 70,
          "type": "weighted_target",
          "target": "the_vault:time_altar",
          "output": {
            "the_vault:time_altar{MaxProgress: 55}": 1
          }
        },
        {
          "level": 80,
          "type": "weighted_target",
          "target": "the_vault:time_altar",
          "output": {
            "the_vault:time_altar{MaxProgress: 60}": 1
          }
        },
        {
          "level": 90,
          "type": "weighted_target",
          "target": "the_vault:time_altar",
          "output": {
            "the_vault:time_altar{MaxProgress: 65}": 1
          }
        },
        {
          "level": 100,
          "type": "weighted_target",
          "target": "the_vault:time_altar",
          "output": {
            "the_vault:time_altar{MaxProgress: 70}": 1
          }
        }
      ]
    },
    {
      "type": "leveled",
      "levels": [
        {
            "level": 0,
            "type": "weighted_target",
            "target": "the_vault:soul_altar",
            "output": {
              "the_vault:soul_altar{MaxProgress: 3}": 1
            }
        },
        {
          "level": 10,
          "type": "weighted_target",
          "target": "the_vault:soul_altar",
          "output": {
            "the_vault:soul_altar{MaxProgress: 5}": 1
          }
        },
        {
          "level": 20,
          "type": "weighted_target",
          "target": "the_vault:soul_altar",
          "output": {
            "the_vault:soul_altar{MaxProgress: 7}": 1
          }
        },
        {
          "level": 30,
          "type": "weighted_target",
          "target": "the_vault:soul_altar",
          "output": {
            "the_vault:soul_altar{MaxProgress: 9}": 1
          }
        },
        {
          "level": 40,
          "type": "weighted_target",
          "target": "the_vault:soul_altar",
          "output": {
            "the_vault:soul_altar{MaxProgress: 11}": 1
          }
        },
        {
          "level": 50,
          "type": "weighted_target",
          "target": "the_vault:soul_altar",
          "output": {
            "the_vault:soul_altar{MaxProgress: 12}": 1
          }
        },
        {
          "level": 60,
          "type": "weighted_target",
          "target": "the_vault:soul_altar",
          "output": {
            "the_vault:soul_altar{MaxProgress: 14}": 1
          }
        },
        {
          "level": 70,
          "type": "weighted_target",
          "target": "the_vault:soul_altar",
          "output": {
            "the_vault:soul_altar{MaxProgress: 16}": 1
          }
        },
        {
          "level": 80,
          "type": "weighted_target",
          "target": "the_vault:soul_altar",
          "output": {
            "the_vault:soul_altar{MaxProgress: 18}": 1
          }
        },
        {
          "level": 90,
          "type": "weighted_target",
          "target": "the_vault:soul_altar",
          "output": {
            "the_vault:soul_altar{MaxProgress: 20}": 1
          }
        },
        {
          "level": 100,
          "type": "weighted_target",
          "target": "the_vault:soul_altar",
          "output": {
            "the_vault:soul_altar{MaxProgress: 22}": 1
          }
        }
      ]
    }
  ]
}