{
  "tile_processors": [
    {
      "type": "placeholder",
      "target": "WOODEN_CHEST",
      "levels": [
        {
          "level": 0,
          "probability": 1.0,
          "success": {
            "the_vault:wooden_chest{LootTable:\"the_vault:wooden_chest_lvl0_v2\"}": 1
          },
          "failure": {
            "minecraft:air": 1
          }
        },
        {
          "level": 10,
          "probability": 1.0,
          "success": {
            "the_vault:wooden_chest{LootTable:\"the_vault:wooden_chest_lvl10_v2\"}": 1
          },
          "failure": {
            "minecraft:air": 1
          }
        },
        {
          "level": 24,
          "probability": 1.0,
          "success": {
            "the_vault:wooden_chest{LootTable:\"the_vault:wooden_chest_lvl24_v2\"}": 1
          },
          "failure": {
            "minecraft:air": 1
          }
        }
      ]
    }
  ]
}