{
  "entries": [
    {
      "roll": {
        "type": "uniform",
        "min": 9,
        "max": 11
      },
      "pool": [
        { "weight": 70,
          "pool": [
            {
                "weight": 12,
                "item": {
                "id": "minecraft:gold_ingot",
                "count": {
                  "type": "uniform",
                  "min": 1,
                  "max": 1
                  }
                }
            },
            {
              "weight": 12,
              "item": {
              "id": "minecraft:gold_nugget",
              "count": {
                "type": "uniform",
                "min": 1,
                "max": 3
                }
              }
            },
            {
                "weight": 12,
                "item": {
                "id": "minecraft:copper_ingot",
                "count": {
                  "type": "uniform",
                  "min": 1,
                  "max": 2
                  }
                }
            },
            {
              "weight": 10,
              "item": {
              "id": "minecraft:experience_bottle",
              "count": {
                "type": "uniform",
                "min": 1,
                "max": 1
                }
              }
            },
            {
              "weight": 4,
              "item": {
                "id": "minecraft:amethyst_shard",
                "count": {
                  "type": "uniform",
                  "min": 1,
                  "max": 1
                  }
              }
            },
            {
              "weight": 12,
              "item": {
                "id": "architects_palette:unobtanium",
                "count": {
                  "type": "uniform",
                  "min": 1,
                  "max": 1
                  }
              }
            }
          ]
        },
        { "weight": 20,
        "pool": [
          {
              "weight": 8,
              "item": {
                "id": "minecraft:emerald",
                "count": {
                  "type": "uniform",
                  "min": 1,
                  "max": 1
                  }
              }
          },
          {
            "weight": 12,
            "item": {
              "id": "architects_palette:unobtanium",
              "count": {
                "type": "uniform",
                "min": 1,
                "max": 1
                }
            }
          },
          {
            "weight": 12,
            "item": {
              "id": "the_vault:regret_nugget",
              "count": {
                "type": "uniform",
                "min": 1,
                "max": 2
                }
            }
          },
          {
            "weight": 10,
            "item": {
              "id": "the_vault:silver_scrap",
              "count": {
                "type": "uniform",
                "min": 1,
                "max": 2
                }
            }
          },
          {
            "weight": 12,
            "item": {
              "id": "the_vault:magic_silk",
              "count": {
                "type": "uniform",
                "min": 1,
                "max": 2
                }
            }
          },
          {
            "weight": 8,
            "item": {
              "id": "the_vault:vault_essence",
              "count": {
                "type": "uniform",
                "min": 1,
                "max": 1
                }
            }
          }
        ]
        },
        { "weight": 8,
          "pool": [
            {
              "weight": 10,
              "item": {
                "id": "the_vault:relic_booster_pack",
                "count": {
                  "type": "uniform",
                  "min": 1,
                  "max": 1
                  }
              }
            },
            {
              "weight": 8,
              "item": {
                "id": "the_vault:mystery_box",
                "count": {
                  "type": "uniform",
                  "min": 1,
                  "max": 1
                  }
              }
            },
            {
              "weight": 4,
              "item": {
                "id": "the_vault:jewel",
                "nbt": "{\"the_vault:gear_roll_type_pool\":\"jewel_normal\"}",
                "count": {
                  "type": "uniform",
                  "min": 1,
                  "max": 1
                  }
              }
            }
        ]
        },
        { "weight": 2,
          "pool": [
            {
                "weight": 10,
                "item": {
                  "id": "the_vault:vault_diamond",
                  "count": {
                    "type": "uniform",
                    "min": 1,
                    "max": 1
                    }
                }
            },
            {
              "weight": 6,
              "item": {
                "id": "the_vault:jewel",
                "nbt": "{\"the_vault:gear_roll_type_pool\":\"jewel_high\"}",
                "count": {
                  "type": "uniform",
                  "min": 1,
                  "max": 1
                  }
              }
            }
          ]
        }
      ]
    }
  ]
}