{
  "name": "Blue & Orange",
  "author": "ASolvie",
  //Done
  "workspaceBackground": [
    255,
    204,
    94
  ],
  //Done
  "windowBorder": [
    0,
    128,
    225
  ],
  //Done
  "windowBackground": [
    255,
    136,
    34
  ],
  //Done
  "tabBorder": [
    0,
    128,
    225
  ],
 
  //Done
  "tabSideInactive": [
    0,
    128,
    225
  ],
  //Done
  "elementInputBackgroundInactive": [
    255,
    100,
    60
  ],
  //Done
  "elementInputBackgroundHover": [
    255,
    174,
    70
  ],
  //Done
  "elementInputBorder": [
    0,
    128,
    225
  ],
  //Done
  "elementInputUpDownHover": [
    68,
    156,
    223
  ],
  //Done
  "elementInputUpDownClick": [
    0,
    0,
    225
  ],
  //Done
  "elementButtonBackgroundInactive": [
    255,
    100,
    60
  ],
  //Done
  "elementButtonBackgroundHover": [
    255,
    174,
    70
  ],
  //Done
  "elementButtonBorder": [
    0,
    150,
    225
  ],
  //Done
  "elementButtonClick": [
    255,
    100,
    0
  ],
  //Done
  "elementButtonToggle": [
    255,
    144,
    30
  ],
  //Done
  "elementButtonToggleHover": [
    255,
    200,
    82
  ],
  //Done
  "elementProjectTabActive": [
    255,
    100,
    60
  ],
  //Done
  "elementProjectTabHover": [
    100,
    100,
    100
  ],
  //Done
  "elementProjectTabFont": [
    140,
    140,
    140
  ],
  //Done
  "elementProjectTabFontChanges": [
    255,
    255,
    255
  ],
  //Done
  "elementTreeBorder": [
    0,
    128,
    225
  ],
    //Done
  "elementTreeScrollBar": [
    34,
    34,
    34
  ],
  //Done
  "elementTreeScrollBarBorder": [
    0,
    128,
    225
  ],
  //Done
  "elementTreeItemBorder": [
    0,
    128,
    225
  ],
  //Done
  "elementTreeItemBg": [
    60,
    60,
    60
  ],
  //Done
  "elementTreeItemBgSelect": [
    255,
    162,
    98
  ],
  //Done
  "elementTreeItemBgHover": [
    255,
    120,
    120
  ],
  //Done
  "fontChat": [
    255,
    190,
    120
  ],
  //Done
  "font": [
    255,
    255,
    255
  ],
  //Done
  "fontDim": [
    255,
    224,
    0
  ],
  //Done
  "workspaceBlock": "minecraft:light_blue_wool"
}