{
  "name": "Lazy Gray",
  "author": "iLexiconn",
  "workspaceBackground": [
    255,
    255,
    255
  ],
  "windowBorder": [
    41,
    41,
    41
  ],
  "windowBackground": [
    61,
    61,
    61
  ],
  "tabBorder": [
    255,
    255,
    255
  ],
  "tabSideInactive": [
    100,
    100,
    100
  ],
  "elementInputBackgroundInactive": [
    60,
    60,
    60
  ],
  "elementInputBackgroundHover": [
    70,
    70,
    70
  ],
  "elementInputBorder": [
    140,
    140,
    140
  ],
  "elementInputUpDownHover": [
    170,
    170,
    170
  ],
  "elementInputUpDownClick": [
    100,
    100,
    100
  ],
  "elementButtonBackgroundInactive": [
    60,
    60,
    60
  ],
  "elementButtonBackgroundHover": [
    70,
    70,
    70
  ],
  "elementButtonBorder": [
    140,
    140,
    140
  ],
  "elementButtonClick": [
    100,
    100,
    100
  ],
  "elementButtonToggle": [
    120,
    120,
    120
  ],
  "elementButtonToggleHover": [
    170,
    170,
    170
  ],
  "elementProjectTabActive": [
    60,
    60,
    60
  ],
  "elementProjectTabHover": [
    100,
    100,
    100
  ],
  "elementProjectTabFont": [
    140,
    140,
    140
  ],
  "elementProjectTabFontChanges": [
    255,
    255,
    255
  ],
  "elementTreeBorder": [
    100,
    100,
    100
  ],
  "elementTreeScrollBar": [
    34,
    34,
    34
  ],
  "elementTreeScrollBarBorder": [
    60,
    60,
    60
  ],
  "elementTreeItemBorder": [
    40,
    40,
    40
  ],
  "elementTreeItemBg": [
    60,
    60,
    60
  ],
  "elementTreeItemBgSelect": [
    100,
    100,
    100
  ],
  "elementTreeItemBgHover": [
    100,
    100,
    100
  ],
  "fontChat": [
    220,
    220,
    220
  ],
  "font": [
    255,
    255,
    255
  ],
  "fontDim": [
    150,
    150,
    150
  ],
  "workspaceBlock": "minecraft:gray_wool"
}
