{
  "name": "MonoGeneric",
  "author": "Arcaratus",
  //Done
  "workspaceBackground": [
    200,
    200,
    200
  ],
  //Done
  "windowBorder": [
    0,
    0,
    0
  ],
  //Done
  "windowBackground": [
    50,
    50,
    50
  ],
  //Done
  "tabBorder": [
    10,
    10,
    10
  ],
  //Done
  "tabSideInactive": [
    70,
    70,
    70
  ],
  //Done
  "elementInputBackgroundInactive": [
    75,
    75,
    75
  ],
  //Done
  "elementInputBackgroundHover": [
    100,
    100,
    100
  ],
  //Done
  "elementInputBorder": [
    0,
    0,
    0
  ],
  //Done
  "elementInputUpDownHover": [
    100,
    100,
    100
  ],
  //Done
  "elementInputUpDownClick": [
    140,
    140,
    140
  ],
  //Done
  "elementButtonBackgroundInactive": [
    80,
    80,
    80
  ],
  //Done
  "elementButtonBackgroundHover": [
    130,
    130,
    130
  ],
  //Done
  "elementButtonBorder": [
    180,
    180,
    180
  ],
  //Done
  "elementButtonClick": [
    160,
    160,
    160
  ],
  //Done
  "elementButtonToggle": [
    190,
    190,
    190
  ],
  //Done
  "elementButtonToggleHover": [
    170,
    170,
    170
  ],
  //Done
  "elementProjectTabActive": [
    190,
    190,
    190
  ],
  //Done
  "elementProjectTabHover": [
    150,
    150,
    150
  ],
  //Done
  "elementProjectTabFont": [
    255,
    255,
    255
  ],
  //Done
  "elementProjectTabFontChanges": [
    255,
    255,
    255
  ],
  //Done
  "elementTreeBorder": [
    20,
    20,
    20
  ],
  //Done
  "elementTreeScrollBar": [
    60,
    60,
    60
  ],
  //Done
  "elementTreeScrollBarBorder": [
    35,
    35,
    35
  ],
  //Done
  "elementTreeItemBorder": [
    45,
    45,
    45
  ],
  //Done
  "elementTreeItemBg": [
    90,
    90,
    90
  ],
  //Done
  "elementTreeItemBgSelect": [
    120,
    120,
    120
  ],
  //Done
  "elementTreeItemBgHover": [
    105,
    105,
    105
  ],
  //Done
  "fontChat": [
    255,
    255,
    255
  ],
  //Done
  "font": [
    255,
    255,
    255
  ],
  //Done
  "fontDim": [
    235,
    235,
    235
  ],
  "workspaceBlock": "minecraft:smooth_stone_slab"
}