{
  "name": "White Light",
  "author": "pfgichun",
  "workspaceBackground": [
    255,
    255,
    255
  ],
  "windowBorder": [
    255,
    255,
    255
  ],
  "windowBackground": [
    255,
    255,
    255
  ],
  "tabBorder": [
    255,
    255,
    255
  ],
  "tabSideInactive": [
    205,
    205,
    205
  ],
  "elementInputBackgroundInactive": [
    255,
    255,
    255
  ],
  "elementInputBackgroundHover": [
    245,
    245,
    245
  ],
  "elementInputBorder": [
    205,
    205,
    205
  ],
  "elementInputUpDownHover": [
    215,
    215,
    215
  ],
  "elementInputUpDownClick": [
    225,
    225,
    225
  ],
  "elementButtonBackgroundInactive": [
    205,
    205,
    205
  ],
  "elementButtonBackgroundHover": [
    215,
    215,
    215
  ],
  "elementButtonBorder": [
    205,
    205,
    205
  ],
  "elementButtonClick": [
    225,
    225,
    225
  ],
  "elementButtonToggle": [
    205,
    205,
    205
  ],
  "elementButtonToggleHover": [
    215,
    215,
    215
  ],
  "elementProjectTabActive": [
    205,
    205,
    205
  ],
  "elementProjectTabHover": [
    215,
    215,
    215
  ],
  "elementProjectTabFont": [
    195,
    195,
    195
  ],
  "elementProjectTabFontChanges": [
    255,
    255,
    255
  ],
  "elementTreeBorder": [
    205,
    205,
    205
  ],
  "elementTreeScrollBar": [
    205,
    205,
    205
  ],
  "elementTreeScrollBarBorder": [
    205,
    205,
    205
  ],
  "elementTreeItemBorder": [
    205,
    205,
    205
  ],
  "elementTreeItemBg": [
    205,
    205,
    205
  ],
  "elementTreeItemBgSelect": [
    225,
    225,
    225
  ],
  "elementTreeItemBgHover": [
    215,
    215,
    215
  ],
  "fontChat": [
    0,
    0,
    0
  ],
  "font": [
    0,
    0,
    0
  ],
  "fontDim": [
    105,
    105,
    105
  ],
  "workspaceBlock": "minecraft:white_wool"
}