{
    "flower": "minecraft:magma_block",
    "maxTimeInHive": 1200,
    "traits": ["nether"],
    "hasHoneycomb": true,
    "baseLayerTexture": "misc/magma_bee",
    "ColorData": {
        "primaryColor": "#C73405",
        "secondaryColor": "#C73405",
        "honeycombColor": "#C73405",
        "primaryLayerTexture": "empty_layer",
        "secondaryLayerTexture": "empty_layer",
        "emissiveLayerTexture": "slime/magma_bee_emissive",
        "isBeeColored": false,
        "isRainbowBee": false,
        "isGlowing": true,
        "glowColor": "#C73405",
        "isEnchanted": false,
        "glowingPulse": 0,
        "modelType": "GELATINOUS"
    },
    "CombatData": {
        "isPassive": true,
        "removeStingerOnAttack": true,
        "inflictsPoison": true,
        "attackDamage": 1
    },
    "MutationData": {
        "hasMutation": true,
        "mutationCount": 1,
        "mutations": [{
            "type": "BLOCK_TO_ITEM",
            "inputID": "resourcefulbees:magma_honeycomb_block",
            "outputs": [{
                "outputID": "minecraft:magma_cream",
                "weight": 80
            }, {
                "outputID": "resourcefulbees:magma_bee_spawn_egg",
                "weight": 20
            }]
        }]
    },
    "CentrifugeData": {
        "hasCentrifugeOutput": true,
        "mainInputCount": 1,
        "mainOutput": "minecraft:magma_cream",
        "mainOutputWeight": 0.5,
        "mainOutputCount": 1,
        "mainNBTData": {},
        "secondaryOutput": "minecraft:magma_block",
        "secondaryOutputWeight": 0.01,
        "secondaryOutputCount": 2,
        "secondaryNBTData": {},
        "bottleOutput": "minecraft:honey_bottle",
        "bottleOutputWeight": 0.25,
        "bottleOutputCount": 1,
        "bottleNBTData": {},
        "recipeTime": 200,
        "hasFluidOutput": false
    },
    "SpawnData": {
        "canSpawnInWorld": true,
        "biomeWhitelist": "tag:nether",
        "biomeBlacklist": "",
        "spawnWeight": 5,
        "minYLevel": 0,
        "maxYLevel": 255,
        "minGroupSize": 1,
        "maxGroupSize": 3,
        "lightLevel": "ANY"
    },
    "BreedData": {
        "isBreedable": true,
        "parent1": "",
        "parent2": "",
        "breedWeight": 10,
        "breedChance": 0.8,
        "feedItem": "xreliquary:molten_core",
        "feedAmount": 5,
        "childGrowthDelay": -24000,
        "breedDelay": 6000
    },
    "TraitData": {
        "hasTraits": true
    }
}