{
  "entities": {
    "minecraft:stray": [
      "the_vault:elite_stray",
      "the_vault:t1_stray",
      "the_vault:t2_stray",
      "the_vault:t3_stray",
      "the_vault:t4_stray",
      "the_vault:t5_stray"
    ],
    "minecraft:witch": [
      "the_vault:elite_witch"
    ],
    "minecraft:enderman": [
      "the_vault:elite_enderman",
      "the_vault:t1_enderman",
      "the_vault:t2_enderman",
      "the_vault:t3_enderman",
      "the_vault:t4_enderman",
      "the_vault:t5_enderman"
    ],
    "minecraft:creeper": [
      "the_vault:t1_creeper",
      "the_vault:t2_creeper",
      "the_vault:t3_creeper",
      "the_vault:t4_creeper",
      "the_vault:t5_creeper"
    ],
    "the_vault:vault_spider": [
      "the_vault:elite_spider",
      "the_vault:vault_spider_baby"
    ],
    "minecraft:zombie": [
      "the_vault:elite_zombie",
      "the_vault:t1_zombie",
      "the_vault:t2_zombie",
      "the_vault:t3_zombie",
      "the_vault:t4_zombie",
      "the_vault:t5_zombie"
    ],
    "minecraft:drowned": [
      "the_vault:elite_drowned",
      "the_vault:t1_drowned",
      "the_vault:t2_drowned",
      "the_vault:t3_drowned",
      "the_vault:t4_drowned",
      "the_vault:t5_drowned"
    ],
    "minecraft:husk": [
      "the_vault:elite_husk",
      "the_vault:t1_husk",
      "the_vault:t2_husk",
      "the_vault:t3_husk",
      "the_vault:t4_husk",
      "the_vault:t5_husk"
    ],
    "the_vault:vault_fighter": [
      "the_vault:vault_fighter",
      "the_vault:vault_fighter_1",
      "the_vault:vault_fighter_2",
      "the_vault:vault_fighter_3",
      "the_vault:vault_fighter_4",
      "the_vault:vault_fighter_5",
      "the_vault:vault_fighter_6",
      "the_vault:vault_fighter_7",
      "the_vault:vault_fighter_8",
      "the_vault:vault_fighter_9"
    ],
    "minecraft:skeleton": [
      "the_vault:elite_skeleton",
      "the_vault:elite_wither_skeleton",
      "the_vault:t1_skeleton",
      "the_vault:t2_skeleton",
      "the_vault:t3_skeleton",
      "the_vault:t4_skeleton",
      "the_vault:t5_skeleton",
      "the_vault:t1_wither_skeleton",
      "the_vault:t2_wither_skeleton",
      "the_vault:t3_wither_skeleton",
      "the_vault:t4_wither_skeleton",
      "the_vault:t5_wither_skeleton"
    ],
    "minecraft:piglin": [
      "the_vault:t1_piglin",
      "the_vault:t2_piglin",
      "the_vault:t3_piglin",
      "the_vault:t4_piglin",
      "the_vault:t5_piglin"
    ]
  }
}