[
    {
      "weight": 1,
      "value": {
        "template": "the_vault:empty",
        "palettes": []
      }
    },
    {
      "weight": 1,
      "pool": [
        {
          "weight": 1,
          "value": {
            "template": "the_vault:vault/decor/dragon/hanging1",
            "palettes": []
          }
        },
        {
          "weight": 1,
          "value": {
            "template": "the_vault:vault/decor/dragon/hanging2",
            "palettes": []
          }
        },
        {
            "weight": 1,
            "value": {
              "template": "the_vault:vault/decor/dragon/hanging3",
              "palettes": []
            }
        },
        {
            "weight": 1,
            "value": {
              "template": "the_vault:vault/decor/dragon/hanging4",
              "palettes": []
            }
          },
          {
            "weight": 1,
            "value": {
              "template": "the_vault:vault/decor/dragon/hanging5",
              "palettes": []
            }
          },
          {
            "weight": 1,
            "value": {
              "template": "the_vault:vault/decor/dragon/hanging6",
              "palettes": []
            }
          },
          {
            "weight": 1,
            "value": {
              "template": "the_vault:vault/decor/dragon/hanging7",
              "palettes": []
            }
          }
      ]
    }
  ]