[
  {
    "weight": 1,
    "value": {
      "template": "the_vault:empty",
      "palettes": []
    }
  },
  {
    "weight": 1,
    "pool": [
      {
        "weight": 1,
        "value": {
          "template": "the_vault:vault/decor/crystal_caves/hanging1",
          "palettes": ["the_vault:crystal_caves/crystal_spawner"]
        }
      },
      {
        "weight": 1,
        "value": {
          "template": "the_vault:vault/decor/crystal_caves/hanging2",
          "palettes": ["the_vault:crystal_caves/crystal_spawner"]
        }
      }
    ]
  }
]